T,Alt,FAlt,FVeloc,LDA,LowV,Apogee,N-O,Drogue,Main,AUX
0,7,1.4,28,0,0,0,0,0,0,0
0.05,35,8.12,134.4,0,0,0,0,0,0,0
0.1,45,15.5,147.52,0,0,0,0,0,0,0
0.15,18,16,10.02,0,0,0,0,0,0,0
0.2,33,19.4,68.01,0,0,0,0,0,0,0
0.25,50,25.52,122.41,0,0,0,0,0,0,0
0.3,63,33.01,149.93,0,0,0,0,0,0,0
0.35,27,31.81,-24.06,0,0,0,0,0,0,0
0.4,109,47.25,308.75,0,0,0,0,0,0,0
0.45,93,56.4,183,0,0,0,0,0,0,0
0.5,81,61.32,98.4,0,0,0,0,0,0,0
0.55,97,68.46,142.72,0,0,0,0,0,0,0
0.6,117,78.16,194.18,0,0,0,0,0,0,0
0.65,124,87.33,183.34,0,0,0,0,0,0,0
0.7,135,96.87,190.67,0,0,0,0,0,0,0
0.75,173,112.09,304.54,0,0,0,0,0,0,0
0.8,222,134.07,439.63,222,0,0,0,0,0,0
0.85,260,159.26,503.7,0,0,0,0,0,0,0
0.9,272,181.81,450.96,0,0,0,0,0,0,0
0.95,262,197.85,320.77,0,0,0,0,0,0,0
1,304,219.08,424.62,0,0,0,0,0,0,0
1.05,327,240.66,431.69,0,0,0,0,0,0,0
1.1,351,262.73,441.35,0,0,0,0,0,0,0
1.15,349,279.98,345.08,0,0,0,0,0,0,0
1.2,366,297.19,344.07,0,0,0,0,0,0,0
1.25,390,315.75,371.25,0,0,0,0,0,0,0
1.3,386,329.8,281,0,0,0,0,0,0,0
1.35,416,347.04,344.8,0,0,0,0,0,0,0
1.4,446,366.83,395.84,0,0,0,0,0,0,0
1.45,474,388.27,428.67,0,0,0,0,0,0,0
1.5,466,403.81,310.94,0,0,0,0,0,0,0
1.55,536,430.25,528.75,0,0,0,0,0,0,0
1.6,542,452.6,447,0,0,0,0,0,0,0
1.65,542,470.48,357.6,0,0,0,0,0,0,0
1.7,580,492.38,438.08,0,0,0,0,0,0,0
1.75,637,521.31,578.46,0,0,0,0,0,0,0
1.8,633,543.65,446.77,0,0,0,0,0,0,0
1.85,672,569.32,513.42,0,0,0,0,0,0,0
1.9,701,595.65,526.73,0,0,0,0,0,0,0
1.95,745,625.52,597.39,0,0,0,0,0,0,0
2,764,653.22,553.91,0,0,0,0,0,0,0
2.05,780,678.57,507.13,0,0,0,0,0,0,0
2.1,783,699.46,417.7,0,0,0,0,0,0,0
2.15,798,719.17,394.16,0,0,0,0,0,0,0
2.2,875,750.33,623.33,0,0,0,0,0,0,0
2.25,866,773.47,462.66,0,0,0,0,0,0,0
2.3,886,795.97,450.13,0,0,0,0,0,0,0
2.35,918,820.38,488.1,0,0,0,0,0,0,0
2.4,930,842.3,438.48,0,0,0,0,0,0,0
2.45,952,864.24,438.79,0,0,0,0,0,0,0
2.5,959,883.19,379.03,0,0,0,0,0,0,0
2.55,981,902.76,391.22,0,0,0,0,0,0,0
2.6,1007,923.6,416.98,0,0,0,0,0,0,0
2.65,1048,948.48,497.58,0,0,0,0,0,0,0
2.7,1047,968.19,394.07,0,0,0,0,0,0,0
2.75,1093,993.15,499.25,0,0,0,0,0,0,0
2.8,1087,1011.92,375.4,0,0,0,0,0,0,0
2.85,1151,1039.74,556.32,0,0,0,0,0,0,0
2.9,1166,1064.99,505.06,0,0,0,0,0,0,0
2.95,1138,1079.59,292.05,0,0,0,0,0,0,0
3,1192,1102.07,449.64,0,0,0,0,0,0,0
3.05,1219,1125.46,467.71,0,0,0,0,0,0,0
3.1,1288,1157.97,650.17,0,0,0,0,0,0,0
3.15,1229,1172.17,284.13,0,0,0,0,0,0,0
3.2,1318,1201.34,583.31,0,0,0,0,0,0,0
3.25,1304,1221.87,410.64,0,0,0,0,0,0,0
3.3,1305,1238.5,332.52,0,0,0,0,0,0,0
3.35,1312,1253.2,294.01,0,0,0,0,0,0,0
3.4,1347,1271.96,375.21,0,0,0,0,0,0,0
3.45,1368,1291.17,384.17,0,0,0,0,0,0,0
3.5,1383,1309.53,367.33,0,0,0,0,0,0,0
3.55,1394,1326.43,337.87,0,0,0,0,0,0,0
3.6,1412,1343.54,342.29,0,0,0,0,0,0,0
3.65,1432,1361.23,353.84,0,0,0,0,0,0,0
3.7,1456,1380.19,379.07,0,0,0,0,0,0,0
3.75,1477,1399.55,387.26,0,0,0,0,0,0,0
3.8,1501,1419.84,405.8,0,0,0,0,0,0,0
3.85,1525,1440.87,420.64,0,0,0,0,0,0,0
3.9,1562,1465.1,484.51,0,0,0,0,0,0,0
3.95,1555,1483.08,359.61,0,0,0,0,0,0,0
4,1575,1501.46,367.69,0,0,0,0,0,0,0
4.05,1618,1524.77,466.15,0,0,0,0,0,0,0
4.1,1608,1541.42,332.92,0,0,0,0,0,0,0
4.15,1653,1563.73,446.34,0,0,0,0,0,0,0
4.2,1672,1585.39,433.07,0,0,0,0,0,0,0
4.25,1688,1605.91,410.46,0,0,0,0,0,0,0
4.3,1711,1626.93,420.36,0,0,0,0,0,0,0
4.35,1736,1648.74,436.29,0,0,0,0,0,0,0
4.4,1723,1663.59,297.03,0,0,0,0,0,0,0
4.45,1749,1680.67,341.63,0,0,0,0,0,0,0
4.5,1770,1698.54,357.3,0,0,0,0,0,0,0
4.55,1785,1715.83,345.84,0,0,0,0,0,0,0
4.6,1816,1735.87,400.67,0,0,0,0,0,0,0
4.65,1840,1756.69,416.54,0,0,0,0,0,0,0
4.7,1857,1776.75,401.23,0,0,0,0,0,0,0
4.75,1865,1794.4,352.98,0,0,0,0,0,0,0
4.8,1907,1816.92,450.39,0,0,0,0,0,0,0
4.85,1882,1829.94,260.31,0,0,0,0,0,0,0
4.9,1938,1851.55,432.25,0,0,0,0,0,0,0
4.95,1924,1866.04,289.8,0,0,0,0,0,0,0
5,1985,1889.83,475.84,0,0,0,0,0,0,0
5.05,1997,1911.27,428.67,0,0,0,0,0,0,0
5.1,1974,1923.81,250.94,0,0,0,0,0,0,0
5.15,1994,1937.85,280.75,0,0,0,0,0,0,0
5.2,2036,1957.48,392.6,0,0,0,0,0,0,0
5.25,2038,1973.58,322.08,0,0,0,0,0,0,0
5.3,2045,1987.87,285.66,0,0,0,0,0,0,0
5.35,2090,2008.29,408.53,0,0,0,0,0,0,0
5.4,2082,2023.04,294.82,0,0,0,0,0,0,0
5.45,2095,2037.43,287.86,0,0,0,0,0,0,0
5.5,2111,2052.14,294.29,0,0,0,0,0,0,0
5.55,2130,2067.71,311.43,0,0,0,0,0,0,0
5.6,2145,2083.17,309.15,0,0,0,0,0,0,0
5.65,2164,2099.34,323.32,0,0,0,0,0,0,0
5.7,2180,2115.47,322.65,0,0,0,0,0,0,0
5.75,2209,2134.18,374.12,0,0,0,0,0,0,0
5.8,2231,2153.54,387.29,0,0,0,0,0,0,0
5.85,2248,2172.43,377.84,0,0,0,0,0,0,0
5.9,2233,2184.55,242.27,0,0,0,0,0,0,0
5.95,2282,2204.04,389.81,0,0,0,0,0,0,0
6,2283,2219.83,315.85,0,0,0,0,0,0,0
6.05,2284,2232.66,256.68,0,0,0,0,0,0,0
6.1,2320,2250.13,349.35,0,0,0,0,0,0,0
6.15,2342,2268.5,367.48,0,0,0,0,0,0,0
6.2,2322,2279.2,213.98,0,0,0,0,0,0,0
6.25,2367,2296.76,351.19,0,0,0,0,0,0,0
6.3,2358,2309.01,244.95,0,0,0,0,0,0,0
6.35,2389,2325.01,319.96,0,0,0,0,0,0,0
6.4,2398,2339.61,291.97,0,0,0,0,0,0,0
6.45,2420,2355.69,321.57,0,0,0,0,0,0,0
6.5,2403,2365.15,189.26,0,0,0,0,0,0,0
6.55,2433,2378.72,271.41,0,0,0,0,0,0,0
6.6,2451,2393.17,289.13,0,0,0,0,0,0,0
6.65,2485,2411.54,367.3,0,0,0,0,0,0,0
6.7,2482,2425.63,281.84,0,0,0,0,0,0,0
6.75,2514,2443.31,353.47,0,0,0,0,0,0,0
6.8,2550,2464.64,426.78,0,0,0,0,0,0,0
6.85,2528,2477.32,253.42,0,0,0,0,0,0,0
6.9,2573,2496.45,382.74,0,0,0,0,0,0,0
6.95,2552,2507.56,222.19,0,0,0,0,0,0,0
7,2595,2525.05,349.75,0,0,0,0,0,0,0
7.05,2620,2544.04,379.8,0,0,0,0,0,0,0
7.1,2569,2549.03,99.84,0,0,0,0,0,0,0
7.15,2643,2567.83,375.87,0,0,0,0,0,0,0
7.2,2616,2577.46,192.7,0,0,0,0,0,0,0
7.25,2641,2590.17,254.16,0,0,0,0,0,0,0
7.3,2635,2599.13,179.33,0,0,0,0,0,0,0
7.35,2664,2612.11,259.46,0,0,0,0,0,0,0
7.4,2714,2632.49,407.57,0,0,0,0,0,0,0
7.45,2698,2645.59,262.06,0,0,0,0,0,0,0
7.5,2700,2656.47,217.64,0,0,0,0,0,0,0
7.55,2725,2670.18,274.12,0,0,0,0,0,0,0
7.6,2760,2688.14,359.29,0,0,0,0,0,0,0
7.65,2756,2701.71,271.44,0,0,0,0,0,0,0
7.7,2764,2714.17,249.15,0,0,0,0,0,0,0
7.75,2753,2721.94,155.32,0,0,0,0,0,0,0
7.8,2775,2732.55,212.26,0,0,0,0,0,0,0
7.85,2827,2751.44,377.8,0,0,0,0,0,0,0
7.9,2837,2768.55,342.24,0,0,0,0,0,0,0
7.95,2847,2784.24,313.79,0,0,0,0,0,0,0
8,2804,2788.19,79.03,0,0,0,0,0,0,0
8.05,2868,2804.15,319.23,0,0,0,0,0,0,0
8.1,2854,2814.12,199.38,0,0,0,0,0,0,0
8.15,2858,2822.9,175.51,0,0,0,0,0,0,0
8.2,2855,2829.32,128.4,0,0,0,0,0,0,0
8.25,2933,2850.06,414.72,0,0,0,0,0,0,0
8.3,2901,2860.24,203.78,0,0,0,0,0,0,0
8.35,2915,2871.2,219.02,0,0,0,0,0,0,0
8.4,2926,2882.16,219.22,0,0,0,0,0,0,0
8.45,2923,2890.32,163.37,0,0,0,0,0,0,0
8.5,2943,2900.86,210.7,0,0,0,0,0,0,0
8.55,2947,2910.09,184.56,0,0,0,0,0,0,0
8.6,2962,2920.47,207.65,0,0,0,0,0,0,0
8.65,2956,2927.58,142.12,0,0,0,0,0,0,0
8.7,3018,2945.66,361.69,0,0,0,0,0,0,0
8.75,3003,2957.13,229.36,0,0,0,0,0,0,0
8.8,3031,2971.9,295.48,0,0,0,0,0,0,0
8.85,3009,2979.32,148.39,0,0,0,0,0,0,0
8.9,3058,2995.06,314.71,0,0,0,0,0,0,0
8.95,3025,3001.05,119.77,0,0,0,0,0,0,0
9,3047,3010.24,183.81,0,0,0,0,0,0,0
9.05,3063,3020.79,211.05,0,0,0,0,0,0,0
9.1,3098,3036.23,308.84,0,0,0,0,0,0,0
9.15,3098,3048.59,247.08,0,0,0,0,0,0,0
9.2,3150,3068.87,405.66,0,0,0,0,0,0,0
9.25,3110,3077.09,164.53,0,0,0,0,0,0,0
9.3,3144,3090.48,267.62,0,0,0,0,0,0,0
9.35,3129,3098.18,154.1,0,0,0,0,0,0,0
9.4,3148,3108.14,199.28,0,0,0,0,0,0,0
9.45,3168,3120.12,239.42,0,0,0,0,0,0,0
9.5,3167,3129.49,187.54,0,0,0,0,0,0,0
9.55,3133,3130.19,14.03,0,0,0,0,0,0,0
9.6,3184,3140.96,215.22,0,0,0,0,0,0,0
9.65,3202,3153.16,244.18,0,0,0,0,0,0,0
9.7,3232,3168.93,315.34,0,0,0,0,0,0,0
9.75,3153,3165.75,-63.73,0,0,0,0,0,0,0
9.8,3211,3174.8,181.02,0,0,0,0,0,0,0
9.85,3222,3184.24,188.81,0,0,0,0,0,0,0
9.9,3237,3194.79,211.05,0,0,0,0,0,0,0
9.95,3221,3200.03,104.84,0,0,0,0,0,0,0
10,3255,3211.03,219.87,0,0,0,0,0,0,0
10.05,3242,3217.22,123.9,0,0,0,0,0,0,0
10.1,3236,3220.98,75.12,0,0,0,0,0,0,0
10.15,3291,3234.98,280.1,0,0,0,0,0,0,0
10.2,3282,3244.38,188.08,0,0,0,0,0,0,0
10.25,3264,3248.31,78.46,0,0,0,0,0,0,0
10.3,3301,3258.85,210.77,0,0,0,0,0,0,0
10.35,3280,3263.08,84.61,0,0,0,0,0,0,0
10.4,3308,3272.06,179.69,0,0,0,0,0,0,0
10.45,3338,3285.25,263.75,0,0,0,0,0,0,0
10.5,3317,3291.6,127,0,0,0,0,0,0,0
10.55,3323,3297.88,125.6,0,0,0,0,0,0,0
10.6,3334,3305.1,144.48,0,0,0,0,0,0,0
10.65,3367,3317.48,247.59,0,0,0,0,0,0,0
10.7,3352,3324.39,138.07,0,0,0,0,0,0,0
10.75,3364,3332.31,158.46,0,0,0,0,0,0,0
10.8,3386,3343.05,214.77,0,0,0,0,0,0,0
10.85,3384,3351.24,163.81,0,0,0,0,0,0,0
10.9,3414,3363.79,251.05,0,0,0,0,0,0,0
10.95,3422,3375.43,232.84,0,0,0,0,0,0,0
11,3401,3380.55,102.27,0,0,0,0,0,0,0
11.05,3406,3385.64,101.82,0,0,0,0,0,0,0
11.1,3420,3392.51,137.46,0,0,0,0,0,0,0
11.15,3407,3395.41,57.96,0,0,0,0,0,0,0
11.2,3436,3403.53,162.37,0,0,0,0,0,0,0
11.25,3444,3411.62,161.89,0,0,0,0,0,0,0
11.3,3398,3408.9,-54.48,0,0,0,0,0,0,0
11.35,3469,3420.92,240.42,0,0,0,0,0,0,0
11.4,3470,3430.73,196.33,0,0,0,0,0,0,0
11.45,3475,3439.59,177.07,0,0,0,0,0,0,0
11.5,3469,3445.47,117.65,0,0,0,0,0,0,0
11.55,3495,3455.38,198.12,0,0,0,0,0,0,0
11.6,3477,3459.7,86.5,0,0,0,0,0,0,0
11.65,3494,3466.56,137.2,0,0,0,0,0,0,0
11.7,3511,3475.45,177.76,0,0,0,0,0,0,0
11.75,3489,3478.16,54.2,0,0,0,0,0,0,0
11.8,3538,3490.13,239.37,0,0,0,0,0,0,0
11.85,3502,3492.5,47.49,0,0,0,0,0,0,0
11.9,3499,3493.8,26,0,0,0,0,0,0,0
11.95,3551,3505.24,228.79,0,0,0,0,0,0,0
12,3554,3514.99,195.03,0,0,0,0,0,0,0
12.05,3556,3523.19,164.03,0,0,0,0,0,0,0
12.1,3552,3528.96,115.22,0,0,0,0,0,0,0
12.15,3541,3531.36,48.18,0,0,0,0,0,0,0
12.2,3522,3529.49,-37.46,0,0,0,0,0,0,0
12.25,3584,3540.39,218.03,0,0,0,0,0,0,0
12.3,3580,3548.31,158.43,0,0,0,0,0,0,0
12.35,3585,3555.65,146.74,0,0,0,0,0,0,0
12.4,3585,3561.52,117.39,0,0,0,0,0,0,0
12.45,3597,3568.62,141.91,0,0,0,0,0,0,0
12.5,3577,3570.29,33.53,0,0,0,0,0,0,0
12.55,3577,3571.63,26.83,0,0,0,0,0,0,0
12.6,3601,3577.51,117.46,0,0,0,0,0,0,0
12.65,3609,3583.81,125.97,0,0,0,0,0,0,0
12.7,3613,3589.65,116.78,0,0,0,0,0,0,0
12.75,3622,3596.12,129.42,0,0,0,0,0,0,0
12.8,3605,3597.89,35.54,0,0,0,0,0,0,0
12.85,3644,3607.11,184.43,0,0,0,0,0,0,0
12.9,3610,3607.69,11.54,0,0,0,0,0,0,0
12.95,3633,3612.75,101.24,0,0,0,0,0,0,0
13,3625,3615.2,48.99,0,0,0,0,0,0,0
13.05,3655,3623.16,159.19,0,0,0,0,0,0,0
13.1,3629,3624.33,23.35,0,0,0,0,0,0,0
13.15,3641,3627.66,66.68,0,0,0,0,0,0,0
13.2,3661,3634.33,133.34,0,0,0,0,0,0,0
13.25,3671,3641.66,146.67,0,0,0,0,0,0,0
13.3,3624,3638.13,-70.66,0,0,0,0,0,0,0
13.35,3676,3645.71,151.47,0,0,0,0,0,0,0
13.4,3665,3649.56,77.18,0,0,0,0,0,0,0
13.45,3662,3652.05,49.74,0,0,0,0,0,0,0
13.5,3668,3655.24,63.79,0,0,0,0,0,0,0
13.55,3682,3660.59,107.04,0,0,0,0,0,0,0
13.6,3656,3659.67,-18.37,0,0,0,0,0,0,0
13.65,3672,3662.14,49.3,0,0,0,0,0,0,0
13.7,3677,3665.11,59.44,0,0,0,0,0,0,0
13.75,3698,3671.69,131.55,0,0,0,0,0,0,0
13.8,3678,3672.95,25.24,0,0,0,0,0,0,0
13.85,3669,3672.16,-15.81,0,0,0,0,0,0,0
13.9,3711,3679.93,155.36,0,0,0,0,0,0,0
13.95,3714,3686.74,136.28,0,0,0,0,0,0,0
14,3698,3688.99,45.03,0,0,0,0,0,0,0
14.05,3718,3694.8,116.02,0,0,0,0,0,0,0
14.1,3736,3703.04,164.82,0,0,0,0,0,0,0
14.15,3681,3698.63,-88.14,0,0,0,0,0,0,0
14.2,3743,3707.5,177.48,0,0,0,0,0,0,0
14.25,3719,3709.8,45.99,0,0,0,0,0,0,0
14.3,3715,3710.84,20.79,0,0,0,0,0,0,0
14.35,3736,3715.87,100.63,0,0,0,0,0,0,0
14.4,3729,3718.5,52.5,0,0,0,0,0,0,0
14.45,3745,3723.8,106.01,0,0,0,0,0,0,0
14.5,3693,3717.64,-123.2,0,0,0,0,0,0,0
14.55,3714,3716.91,-14.56,0,0,0,0,0,0,0
14.6,3735,3720.53,72.35,0,0,0,0,0,0,0
14.65,3717,3719.82,-14.12,0,0,0,0,0,0,0
14.7,3714,3718.66,-23.3,0,0,0,0,0,0,0
14.75,3717,3718.33,-6.64,0,0,0,0,0,0,0
14.8,3729,3720.46,42.69,0,0,0,0,0,0,0
14.85,3691,3714.57,-117.85,0,0,0,0,0,0,0
14.9,3741,3719.86,105.72,0,0,0,0,0,0,0
14.95,3745,3724.88,100.58,0,0,0,0,0,0,0
15,3766,3733.11,164.46,0,0,0,0,0,0,0
15.05,3749,3736.29,63.57,0,0,0,0,0,0,0
15.1,3748,3738.63,46.86,0,0,0,0,0,0,0
15.15,3729,3736.7,-38.52,0,0,0,0,0,0,0
15.2,3751,3739.56,57.19,0,0,0,0,0,0,0
15.25,3720,3735.65,-78.25,0,0,0,0,0,0,0
15.3,3741,3736.72,21.4,0,0,0,0,0,0,0
15.35,3747,3738.78,41.12,0,0,0,0,0,0,0
15.4,3765,3744.02,104.9,0,0,0,0,0,0,0
15.45,3708,3736.82,-144.08,0,0,0,0,0,0,0
15.5,3754,3740.25,68.74,0,0,0,0,0,0,0
15.55,3741,3740.4,2.99,0,0,0,0,0,0,0
15.6,3746,3741.52,22.39,0,0,0,0,0,0,0
15.65,3733,3739.82,-34.09,0,0,0,0,0,0,0
15.7,3721,3736.05,-75.27,0,0,0,0,0,0,0
15.75,3737,3662.44,-1472.22,0,0,0,0,0,0,0
15.8,3737,3677.35,298.23,0,0,0,0,0,0,0
15.85,3758,3693.48,322.58,0,0,0,0,0,0,0
15.9,3812,3717.19,474.06,0,0,3812,0,0,0,0
15.95,3732,3720.15,59.25,0,0,0,0,0,0,0
16,3738,3723.72,71.4,0,0,0,0,0,0,0
16.05,3742,3727.38,73.12,0,0,0,0,0,0,0
16.1,3719,3725.7,-33.5,0,0,0,0,0,0,0
16.15,3759,3732.36,133.2,0,0,0,0,0,0,0
16.2,3738,3733.49,22.56,0,0,0,0,0,0,0
16.25,3751,3736.99,70.04,0,0,0,0,0,0,0
16.3,3795,3748.59,232.04,0,0,0,0,0,0,0
16.35,3749,3748.67,1.63,0,0,0,0,0,0,0
16.4,3724,3743.74,-98.7,0,0,0,0,0,0,0
16.45,3739,3742.79,-18.96,0,0,0,0,0,0,0
16.5,3764,3747.03,84.83,0,0,0,0,0,0,0
16.55,3732,3744.03,-60.13,0,0,0,0,0,0,0
16.6,3744,3744.02,-0.11,0,0,0,0,0,0,0
16.65,3734,3742.02,-40.08,0,0,0,0,0,0,0
16.7,3702,3734.01,-160.07,0,0,0,0,0,0,0
16.75,3745,3736.21,43.95,0,0,0,0,0,0,0
16.8,3722,3733.37,-56.85,0,0,0,0,0,0,0
16.85,3740,3734.69,26.52,0,0,0,0,0,0,0
16.9,3754,3738.56,77.22,0,0,0,3754,0,0,0
17.4,3729,3736.64,-3.82,0,0,0,0,0,0,0
17.9,3702,3729.72,-13.86,0,0,0,0,3702,0,0
18.4,3640,3711.77,-35.89,0,0,0,0,0,0,0
18.9,3604,3690.22,-43.11,0,0,0,0,0,0,0
19.4,3619,3675.97,-28.49,0,0,0,0,0,0,0
19.9,3560,3652.78,-46.39,0,0,0,0,0,0,0
20.4,3522,3626.62,-52.31,0,0,0,0,0,0,0
20.9,3496,3600.5,-52.25,0,0,0,0,0,0,0
21.4,3444,3569.2,-62.6,0,0,0,0,0,0,0
21.9,3405,3536.36,-65.68,0,0,0,0,0,0,0
22.4,3313,3491.69,-89.34,0,0,0,0,0,0,0
22.9,3279,3449.15,-85.08,0,0,0,0,0,0,0
23.4,3254,3410.12,-78.06,0,0,0,0,0,0,0
23.9,3152,3358.5,-103.25,0,0,0,0,0,0,0
24.4,3155,3317.8,-81.4,0,0,0,0,0,0,0
24.9,3074,3269.04,-97.52,0,0,0,0,0,0,0
25.4,3004,3216.03,-106.02,0,0,0,0,0,0,0
25.9,2983,3169.42,-93.21,0,0,0,0,0,0,0
26.4,2934,3122.34,-94.17,0,0,0,0,0,0,0
26.9,2883,3074.47,-95.74,0,0,0,0,0,0,0
27.4,2766,3012.78,-123.39,0,0,0,0,0,0,0
27.9,2696,2949.42,-126.71,0,0,0,0,0,0,0
28.4,2657,2890.94,-116.97,0,0,0,0,0,0,0
28.9,2630,2838.75,-104.38,0,0,0,0,0,0,0
29.4,2512,2773.4,-130.7,0,0,0,0,0,0,0
29.9,2485,2715.72,-115.36,0,0,0,0,0,0,0
30.4,2384,2649.38,-132.69,0,0,0,0,0,0,0
30.9,2432,2605.9,-86.95,0,0,0,0,0,0,0
31.4,2342,2553.12,-105.56,0,0,0,0,0,0,0
31.9,2266,2495.7,-114.85,0,0,0,0,0,0,0
32.4,2158,2428.16,-135.08,0,0,0,0,0,0,0
32.9,2166,2375.73,-104.86,0,0,0,0,0,0,0
33.4,2045,2309.58,-132.29,0,0,0,0,0,0,0
33.9,2094,2266.46,-86.23,0,0,0,0,0,0,0
34.4,1903,2193.77,-145.39,0,0,0,0,0,0,0
34.9,1900,2135.02,-117.51,0,0,0,0,0,0,0
35.4,1872,2082.41,-105.21,0,0,0,0,0,0,0
35.9,1751,2016.13,-132.57,0,0,0,0,0,0,0
36.4,1775,1967.9,-96.45,0,0,0,0,0,0,0
36.9,1737,1921.72,-92.36,0,0,0,0,0,0,0
37.4,1660,1869.38,-104.69,0,0,0,0,0,0,0
37.9,1589,1813.3,-112.15,0,0,0,0,0,0,0
38.4,1560,1762.64,-101.32,0,0,0,0,0,0,0
38.9,1452,1700.51,-124.26,0,0,0,0,0,0,0
39.4,1430,1646.41,-108.21,0,0,0,0,0,0,0
39.9,1335,1584.13,-124.56,0,0,0,0,0,0,0
40.4,1338,1534.9,-98.45,0,0,0,0,0,0,0
40.9,1262,1480.32,-109.16,0,0,0,0,0,0,0
41.4,1205,1425.26,-110.13,0,0,0,0,0,0,0
41.9,1173,1374.81,-100.9,0,0,0,0,0,0,0
42.4,1124,1324.65,-100.32,0,0,0,0,0,0,0
42.9,1081,1275.92,-97.46,0,0,0,0,0,0,0
43.4,1004,1221.53,-108.77,0,0,0,0,0,0,0
43.9,987,1174.63,-93.81,0,0,0,0,0,0,0
44.4,904,1120.5,-108.25,0,0,0,0,0,0,0
44.9,874,1071.2,-98.6,0,0,0,0,0,0,0
45.4,788,1014.56,-113.28,0,0,0,0,0,0,0
45.9,763,964.25,-100.62,0,0,0,0,0,0,0
46.4,720,915.4,-97.7,0,0,0,0,0,0,0
46.9,625,857.32,-116.16,0,0,0,0,0,625,0
47.4,606,807.06,-100.53,0,0,0,0,0,0,0
47.9,595,764.64,-84.82,0,0,0,0,0,0,0
48.4,505,712.72,-103.86,0,0,0,0,0,0,0
48.9,513,672.77,-79.89,0,0,0,0,0,0,0
49.4,479,634.02,-77.51,0,0,0,0,0,0,0
49.9,452,597.61,-72.81,0,0,0,0,0,0,0
50.4,449,567.89,-59.45,0,0,0,0,0,0,0
50.9,417,537.71,-60.36,0,0,0,0,0,0,0
51.4,414,512.97,-49.49,0,0,0,0,0,0,0
51.9,433,496.98,-31.99,0,0,0,0,0,0,0
52.4,417,480.98,-31.99,0,0,0,0,0,0,0
52.9,405,465.78,-30.39,0,0,0,0,0,0,0
53.4,403,453.23,-25.11,0,0,0,0,0,0,0
53.9,390,440.58,-25.29,0,0,0,0,0,0,0
54.4,400,432.47,-16.23,0,0,0,0,0,0,0
54.9,378,421.57,-21.79,0,0,0,0,0,0,0
55.4,365,410.26,-22.63,0,0,0,0,0,0,0
55.9,361,400.41,-19.7,0,0,0,0,0,0,0
56.4,366,393.53,-13.76,0,0,0,0,0,0,0
56.9,353,385.42,-16.21,0,0,0,0,0,0,0
57.4,363,380.94,-8.97,0,0,0,0,0,0,0
57.9,347,374.15,-13.57,0,0,0,0,0,0,0
58.4,329,365.12,-18.06,0,0,0,0,0,0,0
58.9,325,357.1,-16.05,0,0,0,0,0,0,0
59.4,321,349.88,-14.44,0,0,0,0,0,0,0
59.9,312,342.3,-15.15,0,0,0,0,0,0,0
60.4,307,335.24,-14.12,0,0,0,0,0,0,0
60.9,308,329.79,-10.9,0,0,0,0,0,0,0
61.4,303,324.43,-10.72,0,0,0,0,0,0,0
61.9,295,318.55,-11.77,0,0,0,0,0,0,0
62.4,283,311.44,-14.22,0,0,0,0,0,0,0
62.9,280,305.15,-12.58,0,0,0,0,0,0,0
63.4,271,298.32,-13.66,0,0,0,0,0,0,0
63.9,260,290.66,-15.33,0,0,0,0,0,0,0
64.4,258,284.12,-13.06,0,0,0,0,0,0,0
64.9,249,277.1,-14.05,0,0,0,0,0,0,0
65.4,241,269.88,-14.44,0,0,0,0,0,0,0
65.9,238,263.5,-12.75,0,0,0,0,0,0,0
66.4,235,257.8,-11.4,0,0,0,0,0,0,0
66.9,229,252.04,-11.52,0,0,0,0,0,0,0
67.4,220,245.63,-12.82,0,0,0,0,0,0,0
67.9,212,238.91,-13.45,0,0,0,0,0,0,0
68.4,208,232.73,-12.36,0,0,0,0,0,0,0
68.9,203,226.78,-11.89,0,0,0,0,0,0,0
69.4,200,221.42,-10.71,0,0,0,0,0,0,0
69.9,208,218.74,-5.37,0,0,0,0,0,0,0
70.4,192,213.39,-10.7,0,0,0,0,0,0,0
70.9,185,207.71,-11.36,0,0,0,0,0,0,0
71.4,177,201.57,-12.29,0,0,0,0,0,0,0
71.9,181,197.46,-8.23,0,0,0,0,0,0,0
72.4,167,191.37,-12.18,0,0,0,0,0,0,0
72.9,164,185.89,-10.95,0,0,0,0,0,0,0
73.4,155,179.71,-12.36,0,0,0,0,0,0,0
73.9,153,174.37,-10.69,0,0,0,0,0,0,0
74.4,144,168.3,-12.15,0,0,0,0,0,0,0
74.9,141,162.84,-10.92,0,0,0,0,0,0,0
75.4,136,157.47,-10.73,0,0,0,0,0,0,0
75.9,128,151.58,-11.79,0,0,0,0,0,0,0
76.4,126,146.46,-10.23,0,0,0,0,0,0,0
76.9,124,141.97,-8.98,0,0,0,0,0,0,0
77.4,116,136.77,-10.39,0,0,0,0,0,0,0
77.9,111,131.62,-10.31,0,0,0,0,0,0,0
78.4,111,127.5,-8.25,0,0,0,0,0,0,0
78.9,106,123.2,-8.6,0,0,0,0,0,0,0
79.4,99,118.36,-9.68,0,0,0,0,0,0,0
79.9,96,113.89,-8.94,0,0,0,0,0,0,0
80.4,96,110.31,-7.15,0,0,0,0,0,0,0
80.9,98,107.85,-4.92,0,0,0,0,0,0,0
81.4,82,102.68,-10.34,0,0,0,0,0,0,0
81.9,75,97.14,-11.07,0,0,0,0,0,0,0
82.4,74,92.51,-9.26,0,0,0,0,0,0,0
82.9,70,88.01,-9.01,0,0,0,0,0,0,0
83.4,62,82.81,-10.4,0,0,0,0,0,0,0
83.9,65,79.25,-7.12,0,0,0,0,0,0,0
84.4,66,76.6,-5.3,0,0,0,0,0,0,0
84.9,52,71.68,-9.84,0,0,0,0,0,0,0
85.4,54,68.14,-7.07,0,0,0,0,0,0,0
85.9,39,62.31,-11.66,0,0,0,0,0,0,0
86.4,35,56.85,-10.93,0,0,0,0,0,0,0
86.9,42,53.88,-5.94,0,0,0,0,0,0,0
87.4,36,50.3,-7.15,0,0,0,0,0,0,0
87.9,17,43.64,-13.32,0,0,0,0,0,0,0
88.4,16,38.12,-11.06,0,0,0,0,0,0,0
88.9,11,32.69,-10.85,0,0,0,0,0,0,0
89.4,5,27.15,-11.08,0,0,0,0,0,0,0
