# Time (s), X (m), Y (m), Z (m), Vx (m/s), Vy (m/s), Vz (m/s), Ax (m/s²), Ay (m/s²), Az (m/s²)
0.000000,0.000000,0.000000,8.772864,0.000000,0.000000,0.000000,0.000000,0.000000,0.000000
0.001585,-0.000000,0.000000,8.772864,-0.000000,0.000000,-0.000000,0.000000,0.000000,-0.000000
0.003169,0.000000,0.000000,8.772864,0.000000,-0.000000,0.000000,0.000000,-0.000000,0.000000
0.006338,-0.000000,0.000000,8.772864,-0.000000,0.000000,-0.000000,-0.000000,0.000000,-0.000000
0.009507,0.000000,-0.000000,8.772864,0.000000,-0.000000,0.000000,0.000000,-0.000000,0.000000
0.012676,-0.000000,-0.000000,8.772864,0.000000,0.000000,0.000000,0.000000,-0.000000,0.000000
0.013396,-0.000000,-0.000000,8.772864,-0.000000,0.000000,0.000000,0.000000,-0.000000,0.000000
0.014115,0.000000,-0.000000,8.772864,0.000000,-0.000000,0.000000,0.000000,0.000000,0.000000
0.015554,-0.000000,0.000000,8.772864,0.000000,0.000000,-0.000000,0.000000,0.000000,-0.000000
0.016993,-0.000000,0.000000,8.772864,0.000000,0.000000,0.000000,0.000000,0.000000,0.000000
0.018432,-0.000000,0.000000,8.772864,0.000000,0.000000,0.000000,-0.000000,-0.000000,-0.000000
0.019063,0.000000,0.000000,8.772864,0.000000,-0.000000,0.000000,0.000000,-0.000000,0.000000
0.019693,0.000000,0.000000,8.772864,-0.000000,0.000000,-0.000000,-0.000000,0.000000,0.000000
0.020954,0.000000,-0.000000,8.772864,0.000000,0.000000,0.000000,0.000000,-0.000000,0.000000
0.022216,0.000000,-0.000000,8.772865,0.000110,-0.000071,0.001496,0.174105,-0.113065,2.372842
0.023477,0.000001,-0.000000,8.772871,0.000593,-0.000385,0.008079,0.591856,-0.384356,8.066268
0.025384,0.000003,-0.000002,8.772905,0.002279,-0.001480,0.031065,1.223529,-0.794569,16.675197
0.027291,0.000010,-0.000006,8.773000,0.005215,-0.003387,0.071072,1.855242,-1.204808,25.284679
0.029197,0.000024,-0.000015,8.773187,0.009355,-0.006075,0.127497,2.487010,-1.615083,33.894893
0.031104,0.000046,-0.000030,8.773497,0.014700,-0.009546,0.200341,3.118849,-2.025404,42.506094
0.033242,0.000086,-0.000056,8.774033,0.022122,-0.014366,0.301499,3.827081,-2.485335,52.158424
0.035379,0.000143,-0.000093,8.774807,0.031058,-0.020170,0.423287,4.535424,-2.945339,61.812271
0.037516,0.000220,-0.000143,8.775864,0.041508,-0.026956,0.565709,5.243913,-3.405437,71.468105
0.038371,0.000258,-0.000167,8.776375,0.046112,-0.029946,0.628456,5.527342,-3.589498,75.330894
0.039226,0.000299,-0.000194,8.776940,0.050959,-0.033093,0.694506,5.810804,-3.773580,79.194138
0.040081,0.000345,-0.000224,8.777563,0.056037,-0.036391,0.763721,6.070754,-3.942394,82.736935
0.041790,0.000450,-0.000292,8.778991,0.066474,-0.043169,0.905963,6.137921,-3.986013,83.652346
0.043500,0.000572,-0.000372,8.780663,0.077026,-0.050021,1.049770,6.205102,-4.029641,84.567942
0.045210,0.000713,-0.000463,8.782582,0.087693,-0.056948,1.195142,6.272293,-4.073275,85.483671
0.048629,0.001050,-0.000682,8.787174,0.109370,-0.071026,1.490585,6.406717,-4.160571,87.315702
0.052049,0.001462,-0.000949,8.792787,0.131508,-0.085402,1.792294,6.541193,-4.247900,89.148441
0.055468,0.001950,-0.001266,8.799441,0.154054,-0.100044,2.099573,6.645792,-4.315828,90.574000
0.059250,0.002580,-0.001675,8.808025,0.179014,-0.116253,2.439737,6.552819,-4.255451,89.306901
0.063032,0.003303,-0.002145,8.817886,0.203621,-0.132233,2.775108,6.459799,-4.195042,88.039145
0.066815,0.004119,-0.002675,8.829007,0.227877,-0.147985,3.105682,6.366729,-4.134602,86.770722
0.074379,0.006024,-0.003912,8.854965,0.275432,-0.178868,3.753798,6.212206,-4.034254,84.664763
0.081943,0.008285,-0.005380,8.885780,0.322286,-0.209295,4.392370,6.200047,-4.026358,84.499049
0.089507,0.010900,-0.007079,8.921420,0.369139,-0.239722,5.030910,6.187860,-4.018443,84.332946
0.097071,0.013869,-0.009007,8.961886,0.415899,-0.270088,5.668192,6.175642,-4.010509,84.166429
0.140002,0.037372,-0.024270,9.282203,0.679669,-0.441383,9.263062,6.105787,-3.965145,83.214402
0.142744,0.039284,-0.025514,9.308227,0.697277,-0.453893,9.490921,6.421193,-4.562543,83.098569
0.145486,0.041244,-0.026793,9.334876,0.714860,-0.466400,9.718613,6.412389,-4.561006,83.037378
0.150970,0.045261,-0.029420,9.389421,0.749978,-0.491404,10.173660,6.395102,-4.557830,82.915188
0.156454,0.049470,-0.032183,9.446460,0.785007,-0.516392,10.628080,6.379722,-4.555108,82.808369
0.161938,0.053871,-0.035084,9.505991,0.819989,-0.541387,11.082388,6.377835,-4.560319,82.874197
0.172631,0.063004,-0.041133,9.629234,0.888180,-0.590199,11.969231,6.376671,-4.569585,83.002538
0.183324,0.072865,-0.047706,9.761968,0.956377,-0.639103,12.857441,6.379022,-4.577537,83.129915
0.194016,0.083456,-0.054801,9.904206,1.024619,-0.688085,13.747011,6.385247,-4.584099,83.256913
0.236394,0.132629,-0.088080,10.561664,1.296396,-0.882660,17.285796,6.453599,-4.594485,83.755008
0.278771,0.193407,-0.129604,11.369541,1.572811,-1.077060,20.845504,6.605643,-4.575412,84.244302
0.321148,0.266067,-0.179339,12.328704,1.857754,-1.269928,24.425719,6.858841,-4.521232,84.722475
0.363526,0.351063,-0.237186,13.440012,2.155874,-1.459660,28.025926,7.230490,-4.426531,85.187477
0.368890,0.362733,-0.245080,13.591582,2.194813,-1.483365,28.483065,7.286867,-4.411396,85.245483
0.374254,0.374612,-0.253101,13.745605,2.234060,-1.506988,28.940514,7.345419,-4.395505,85.302910
0.379619,0.386703,-0.261248,13.902082,2.273627,-1.530522,29.398271,7.406230,-4.378877,85.360396
0.399329,0.432979,-0.292260,14.498140,2.421989,-1.616157,31.082643,7.647723,-4.310334,85.549937
0.419040,0.482229,-0.324944,15.127420,2.575298,-1.700278,32.769328,7.908259,-4.225301,85.595050
0.438751,0.534554,-0.359269,15.789954,2.734064,-1.782616,34.456856,8.201420,-4.129414,85.635523
0.463133,0.603690,-0.403951,16.655564,2.938884,-1.881715,36.545425,8.610930,-3.995289,85.678464
0.487516,0.677953,-0.451005,17.572111,3.154382,-1.977316,38.634929,9.074341,-3.843444,85.712506
0.511899,0.757614,-0.500342,18.539616,3.381852,-2.068994,40.725136,9.593178,-3.673438,85.735783
0.536281,0.842982,-0.551863,19.558091,3.622662,-2.156302,42.815782,10.168819,-3.485048,85.748528
0.568040,0.963370,-0.622032,20.961082,3.958877,-2.262645,45.538958,11.004432,-3.212064,85.746247
0.590484,1.055077,-0.673597,22.004759,4.213154,-2.332360,47.463281,11.653781,-3.000365,85.730447
0.612928,1.152661,-0.726672,23.091621,4.482542,-2.397153,49.387105,12.351155,-2.773478,85.701711
0.635372,1.256473,-0.781142,24.221652,4.768108,-2.456690,51.310126,13.095382,-2.531904,85.658972
0.653271,1.343965,-0.825504,25.153775,5.008108,-2.500193,52.842941,13.721377,-2.329152,85.614004
0.671170,1.435857,-0.870611,26.113326,5.259558,-2.539993,54.374866,14.374917,-2.117965,85.559355
0.689069,1.532355,-0.916397,27.100288,5.522939,-2.575941,55.905717,15.054427,-1.898888,85.494100
0.716575,1.690075,-0.987930,28.670322,5.951514,-2.623374,58.253787,16.116048,-1.545796,85.205480
0.744081,1.860012,-1.060627,30.304828,6.409892,-2.660885,60.593010,17.220679,-1.179522,84.877731
0.771586,2.042979,-1.134215,32.003548,6.899157,-2.688183,62.922835,18.360831,-0.803752,84.524321
0.799092,2.239838,-1.208412,33.766214,7.420138,-2.705061,65.242593,19.524824,-0.422575,84.145896
0.828003,2.462693,-1.286738,35.687547,8.002436,-2.711479,67.669280,20.759323,-0.021198,83.723015
0.856914,2.702898,-1.365083,37.678858,8.620383,-2.706352,70.083409,21.988061,0.375007,83.277640
0.885825,2.961479,-1.443116,39.739775,9.273541,-2.689925,72.484396,23.192087,0.759487,82.814766
0.914736,3.239440,-1.520516,41.869912,9.960908,-2.662636,74.871830,24.351210,1.125275,82.341149
0.937554,3.473141,-1.580956,43.599731,10.526546,-2.633839,76.746391,25.220475,1.396031,81.964911
0.971009,3.839631,-1.668227,46.213065,11.390225,-2.581019,79.479422,26.398508,1.756418,81.418381
0.996506,4.138693,-1.733443,48.265938,12.073264,-2.533168,81.548908,27.174866,1.994238,80.921769
1.022003,4.455407,-1.797367,50.371409,12.774658,-2.479713,83.605224,27.831455,2.194743,80.373056
1.042025,4.716784,-1.846571,52.061464,13.336397,-2.434443,85.210459,28.268496,2.324017,79.960491
1.062048,4.989494,-1.894844,53.783582,13.906136,-2.386846,86.807553,28.630064,2.426576,79.566652
1.082070,5.273679,-1.942146,55.537601,14.482312,-2.337475,88.396934,28.911331,2.500951,79.194763
1.102092,5.569451,-1.988445,57.323370,15.063279,-2.286905,89.979094,29.108186,2.545975,78.847403
1.122583,5.884230,-2.034772,59.183666,15.661022,-2.234531,91.591352,29.218695,2.560740,78.519582
1.143074,6.211279,-2.080022,61.076930,16.260079,-2.182178,93.197176,29.234498,2.543336,78.220466
1.163565,6.550601,-2.124205,63.003037,16.858482,-2.130511,94.797176,29.154589,2.493821,77.951005
1.184056,6.902160,-2.167342,64.961877,17.454264,-2.080185,96.391960,28.979173,2.412734,77.711021
1.204547,7.265883,-2.209468,66.953347,18.045480,-2.031836,97.982121,28.709836,2.301129,77.499459
1.245406,8.026960,-2.290643,71.021339,19.203348,-1.943694,101.141243,27.906911,1.994473,77.155317
1.286264,8.834592,-2.368496,75.218143,20.321887,-1.870070,104.288065,26.789831,1.592918,76.894776
1.320206,9.539576,-2.431119,78.802051,21.212734,-1.822409,106.894864,25.673487,1.207250,76.718926
1.347862,10.135934,-2.481097,81.787644,21.909160,-1.793606,109.014752,24.677430,0.873010,76.586856
1.375517,10.751163,-2.530408,84.831814,22.577374,-1.774149,111.130998,23.641010,0.534078,76.452795
1.403173,11.384474,-2.579310,87.934460,23.216796,-1.763982,113.243380,22.602189,0.203535,76.305557
1.430829,12.035071,-2.628055,91.095453,23.827654,-1.762689,115.350393,21.581311,-0.105498,76.059930
1.436360,12.167196,-2.637807,91.734639,23.946478,-1.763434,115.770938,21.384014,-0.163504,76.002040
1.441892,12.299974,-2.647563,92.376152,24.064220,-1.764495,116.191158,21.190229,-0.220011,75.942996
1.447423,12.433401,-2.657327,93.019987,24.180900,-1.765864,116.611046,21.000224,-0.274917,75.882529
1.452954,12.567470,-2.667099,93.666144,24.296540,-1.767533,117.030595,20.814302,-0.328135,75.820645
1.464016,12.837513,-2.686674,94.965415,24.524799,-1.771727,117.868646,20.455930,-0.429134,75.692479
1.475079,13.110061,-2.706301,96.273949,24.749203,-1.776995,118.705241,20.117275,-0.522302,75.557456
1.486141,13.385070,-2.725992,97.591729,24.969982,-1.783248,119.540309,19.800789,-0.606990,75.416271
1.497203,13.662503,-2.745758,98.918739,25.187391,-1.790388,120.373777,19.508420,-0.682596,75.268140
1.515665,14.130802,-2.778933,101.153835,25.543475,-1.803995,121.760938,19.079162,-0.787118,75.004250
1.534126,14.605604,-2.812377,103.414495,25.892347,-1.819273,123.143041,18.730170,-0.862779,74.719767
1.552588,15.086792,-2.846114,105.700622,26.235555,-1.835673,124.519688,18.467125,-0.908137,74.413045
1.571050,15.574276,-2.880159,108.012109,26.574738,-1.852622,125.890471,18.294243,-0.922417,74.084549
1.589511,16.067999,-2.914518,110.348846,26.911582,-1.869546,127.254984,18.213464,-0.905524,73.733965
1.620842,16.920093,-2.973524,114.371897,27.482618,-1.896621,129.555152,18.285154,-0.807643,73.087784
1.652172,17.790153,-3.033317,118.466687,28.059792,-1.919366,131.834097,18.604021,-0.630034,72.379104
1.683503,18.678486,-3.093726,122.632520,28.650372,-1.935479,134.089924,19.135161,-0.386566,71.612562
1.708172,19.391141,-3.141570,125.962154,29.128971,-1.942295,135.849451,19.684532,-0.160883,71.033913
1.732841,20.115779,-3.189511,129.335022,29.622229,-1.943285,137.595009,20.318727,0.082910,70.493302
1.757510,20.852780,-3.237402,132.750775,30.131632,-1.938160,139.326994,20.986650,0.332615,69.935322
1.782180,21.602552,-3.285090,136.209083,30.657601,-1.926931,141.045294,21.651152,0.575569,69.369602
1.806849,22.365499,-3.332429,139.709613,31.199559,-1.909917,142.749721,22.274829,0.799305,68.806519
1.811158,22.500151,-3.340652,140.325386,31.295766,-1.906395,143.046012,22.376913,0.835514,68.709575
1.815467,22.635218,-3.348859,140.942434,31.392408,-1.902718,143.341885,22.476432,0.870721,68.612933
1.819776,22.770703,-3.357050,141.560757,31.489472,-1.898892,143.637343,22.573254,0.904869,68.516840
1.824086,22.906606,-3.365224,142.180351,31.586948,-1.894921,143.932388,22.667221,0.937907,68.421372
1.832704,23.179678,-3.381520,143.423351,31.783079,-1.886566,144.521252,22.845940,1.000446,68.232506
1.841322,23.454446,-3.397741,144.671418,31.980694,-1.877693,145.108502,23.011293,1.057939,68.046754
1.849941,23.730923,-3.413884,145.924540,32.179671,-1.868347,145.694167,23.162124,1.110023,67.864602
1.858559,24.009121,-3.429944,147.182702,32.379883,-1.858578,146.278279,23.297364,1.156370,67.686581
1.875496,24.560894,-3.461254,149.669926,32.776395,-1.838338,147.421812,23.513796,1.229678,67.349053
1.892433,25.119412,-3.492211,152.176470,33.176000,-1.817063,148.559788,23.660093,1.278018,67.031322
1.909370,25.684716,-3.522802,154.702244,33.577461,-1.795187,149.692556,23.731873,1.300388,66.734596
1.926307,26.256826,-3.553020,157.247162,33.979487,-1.773154,150.820482,23.726862,1.296518,66.459538
1.943245,26.835741,-3.582867,159.811147,34.380841,-1.751405,151.944171,23.653283,1.267154,66.235085
1.970417,27.778648,-3.629999,163.964212,35.020417,-1.718150,153.739900,23.394472,1.169883,65.967258
1.997589,28.738817,-3.676269,168.165974,35.650589,-1.688294,155.529022,22.963438,1.018197,65.747983
2.024761,29.715934,-3.721789,172.416275,36.267146,-1.663150,157.312953,22.392864,0.825046,65.565699
2.046164,30.497254,-3.757208,175.798255,36.740989,-1.647290,158.714917,21.873970,0.654395,65.439091
2.061330,31.056957,-3.782120,178.212794,37.069325,-1.638325,159.705066,21.420914,0.527573,65.128488
2.064350,31.169010,-3.787065,178.695426,37.133669,-1.636774,159.900910,21.198710,0.499415,64.600802
2.067370,31.281256,-3.792006,179.178649,37.197381,-1.635308,160.095305,20.976444,0.471403,64.072482
2.070390,31.393694,-3.796943,179.662456,37.260417,-1.633926,160.288083,20.754342,0.443570,63.544006
2.073410,31.506321,-3.801876,180.146843,37.322771,-1.632627,160.479226,20.532590,0.415942,63.015736
2.079403,31.730329,-3.811652,181.109578,37.444502,-1.630296,160.853721,20.093687,0.361869,61.966696
2.085395,31.955056,-3.821415,182.074534,37.563604,-1.628285,161.221901,19.656727,0.308909,60.916817
2.091387,32.180488,-3.831168,183.041677,37.680093,-1.626587,161.583779,19.222346,0.257256,59.866086
2.100634,32.529741,-3.846200,184.538437,37.854773,-1.624563,162.129873,18.557940,0.180844,58.242546
2.101749,32.571931,-3.848010,184.719121,37.875407,-1.624366,162.194659,18.478515,0.172075,58.046899
2.102863,32.614144,-3.849820,184.899878,37.895951,-1.624179,162.259226,18.399074,0.163363,57.850681
2.103977,32.656380,-3.851629,185.080705,37.916246,-1.624005,162.322989,18.101707,0.151149,56.865840
2.105660,32.720201,-3.854361,185.353904,37.946244,-1.623767,162.417120,17.607020,0.132216,55.211011
2.107342,32.784073,-3.857093,185.627259,37.975439,-1.623560,162.508571,17.113243,0.113608,53.556352
2.109025,32.847993,-3.859825,185.900765,38.003814,-1.623384,162.597274,16.620251,0.095322,51.901399
2.114168,33.043674,-3.868174,186.737733,38.085429,-1.623026,162.851163,15.118286,0.042766,46.841086
2.119312,33.239749,-3.876523,187.575923,38.158718,-1.622932,163.076752,13.439281,-0.007470,41.107095
2.124455,33.436177,-3.884871,188.415188,38.223154,-1.623093,163.271965,11.666828,-0.055895,34.999862
2.131687,33.712867,-3.896610,189.596714,38.298705,-1.623723,163.494530,9.190309,-0.118318,26.411256
2.132654,33.749893,-3.898180,189.754773,38.307432,-1.623842,163.519514,8.860547,-0.126193,25.262943
2.133620,33.786929,-3.899750,189.912856,38.315902,-1.623966,163.543613,8.628526,-0.132684,24.470409
2.134587,33.823972,-3.901320,190.070962,38.324172,-1.624097,163.567032,8.451025,-0.138392,23.876190
2.136520,33.898082,-3.904460,190.387241,38.340125,-1.624376,163.611887,8.096724,-0.149559,22.687659
2.138454,33.972223,-3.907601,190.703605,38.355385,-1.624677,163.654414,7.743362,-0.160412,21.499191
2.140387,34.046392,-3.910742,191.020048,38.369990,-1.624997,163.694739,7.390896,-0.170931,20.310398
2.142320,34.120589,-3.913884,191.336567,38.383933,-1.625338,163.732833,7.039258,-0.181156,19.121435
2.149350,34.390559,-3.925315,192.487919,38.428934,-1.626730,163.851966,5.768777,-0.215603,14.797822
2.156379,34.660808,-3.936756,193.639978,38.465072,-1.628347,163.940759,4.510529,-0.245967,10.473500
2.163409,34.931279,-3.948209,194.792549,38.492598,-1.630160,163.999841,3.303125,-0.272001,6.291640
2.164260,34.964062,-3.949597,194.932219,38.495393,-1.630393,164.005145,3.234107,-0.274121,6.066676
2.165112,34.996847,-3.950986,195.071893,38.498122,-1.630627,164.010229,3.165127,-0.276199,5.841332
2.165964,35.029634,-3.952375,195.211572,38.500789,-1.630863,164.015112,3.096335,-0.278231,5.616151
2.167667,35.095216,-3.955153,195.490941,38.505948,-1.631340,164.024300,2.959118,-0.282162,5.165539
2.169370,35.160806,-3.957932,195.770325,38.510873,-1.631824,164.032717,2.822552,-0.285916,4.715213
2.171074,35.226404,-3.960712,196.049723,38.515565,-1.632314,164.040365,2.686477,-0.289499,4.264632
2.180541,35.591140,-3.976179,197.602858,38.537486,-1.635128,164.068883,1.940246,-0.306265,1.758885
2.190008,35.956044,-3.991673,199.156129,38.552434,-1.638073,164.073659,1.210545,-0.317907,-0.749430
2.199476,36.321056,-4.007196,200.709326,38.560553,-1.641104,164.054677,0.496933,-0.324711,-3.259689
2.199710,36.330089,-4.007580,200.747756,38.560665,-1.641180,164.053899,0.479579,-0.324817,-3.321453
2.199944,36.339122,-4.007965,200.786186,38.560773,-1.641256,164.053106,0.462036,-0.324923,-3.383949
2.199976,36.340353,-4.008017,200.791423,38.560788,-1.641267,164.052998,0.459709,-0.324937,-3.392234
2.200008,36.341584,-4.008070,200.796660,38.560675,-1.641278,164.052415,-3.553961,-0.358537,-18.247790
2.200067,36.343857,-4.008166,200.806330,38.560465,-1.641299,164.051340,-3.554061,-0.358518,-18.247630
2.200126,36.346130,-4.008263,200.816000,38.560256,-1.641320,164.050264,-3.554159,-0.358499,-18.247470
2.200715,36.368858,-4.009231,200.912695,38.558160,-1.641532,164.039509,-3.555122,-0.358303,-18.245877
2.201305,36.391585,-4.010198,201.009383,38.556065,-1.641743,164.028754,-3.556036,-0.358092,-18.244297
2.201894,36.414311,-4.011166,201.106066,38.553968,-1.641954,164.018001,-3.556902,-0.357868,-18.242730
2.205522,36.554156,-4.017125,201.700977,38.541057,-1.643249,163.951836,-3.561172,-0.356181,-18.233364
2.209150,36.693953,-4.023089,202.295649,38.528133,-1.644537,163.885704,-3.563624,-0.353976,-18.224478
2.212778,36.833704,-4.029057,202.890081,38.515203,-1.645816,163.819604,-3.564274,-0.351262,-18.216067
2.216049,36.959690,-4.034444,203.425930,38.503544,-1.646961,163.760021,-3.563330,-0.348385,-18.208886
2.219321,37.085638,-4.039834,203.961584,38.491890,-1.648095,163.700460,-3.560951,-0.345110,-18.202083
2.222592,37.211547,-4.045227,204.497044,38.480247,-1.649218,163.640922,-3.557152,-0.341445,-18.195655
2.228630,37.443833,-4.055192,205.484806,38.458800,-1.651257,163.531086,-3.546484,-0.333690,-18.184757
2.234669,37.675990,-4.065168,206.471906,38.437432,-1.653244,163.421312,-3.531179,-0.324696,-18.175089
2.240707,37.908018,-4.075157,207.458343,38.416170,-1.655174,163.311593,-3.511386,-0.314525,-18.166618
2.253012,38.380487,-4.095548,209.466609,38.373289,-1.658896,163.088127,-3.457957,-0.290473,-18.152851
2.265318,38.852433,-4.115982,211.472126,38.331167,-1.662298,162.864803,-3.388211,-0.262425,-18.143493
2.277624,39.323866,-4.136456,213.474896,38.289993,-1.665334,162.641570,-3.303965,-0.231029,-18.138142
2.297566,40.086811,-4.169710,216.714743,38.225651,-1.669395,162.279887,-3.141369,-0.174633,-18.136877
2.317508,40.848508,-4.203032,219.947378,38.164820,-1.672283,161.918149,-2.955281,-0.114263,-18.142698
2.337451,41.609029,-4.236400,223.172797,38.107854,-1.673952,161.556244,-2.755238,-0.052831,-18.153254
2.357393,42.368455,-4.269789,226.390996,38.054936,-1.674408,161.194102,-2.550942,0.006831,-18.166046
2.384171,43.386616,-4.314616,230.700977,37.990143,-1.673245,160.707443,-2.285580,0.079880,-18.182408
2.404101,44.143327,-4.347946,233.900313,37.946374,-1.671190,160.344983,-2.105377,0.126185,-18.190866
2.424032,44.899199,-4.381227,237.092424,37.905996,-1.668291,159.982404,-1.947540,0.163791,-18.193753
2.440019,45.504967,-4.407877,239.647783,37.875725,-1.665482,159.691557,-1.840855,0.186865,-18.190792
2.456006,46.110264,-4.434479,242.198492,37.847009,-1.662355,159.400798,-1.754031,0.203282,-18.182363
2.471994,46.715112,-4.461030,244.744555,37.819516,-1.659020,159.110220,-1.688312,0.212938,-18.167985
2.487981,47.319528,-4.487526,247.285974,37.792903,-1.655582,158.819921,-1.644288,0.215928,-18.147367
2.510627,48.174983,-4.524965,250.878031,37.756037,-1.650742,158.409376,-1.618906,0.209303,-18.107398
2.533274,49.029608,-4.562295,254.460801,37.719278,-1.646185,157.999872,-1.634986,0.191135,-18.055264
2.555920,49.883395,-4.599528,258.034311,37.681725,-1.642154,157.591675,-1.688050,0.163368,-17.992308
2.578567,50.736315,-4.636677,261.598594,37.642601,-1.638840,157.185010,-1.771909,0.128331,-17.920457
2.601213,51.588324,-4.673761,265.153687,37.601294,-1.636379,156.780054,-1.879259,0.088543,-17.842012
2.623860,52.439368,-4.710800,268.699630,37.557363,-1.634849,156.376926,-2.002126,0.046572,-17.759473
2.646506,53.289385,-4.747815,272.236464,37.510551,-1.634271,155.975690,-2.132284,0.004916,-17.675350
2.669152,54.138309,-4.784828,275.764234,37.460784,-1.634610,155.576355,-2.261690,-0.034126,-17.592032
2.701328,55.342439,-4.837448,280.760938,37.385224,-1.636503,155.012162,-2.429927,-0.081285,-17.479133
2.733504,56.544055,-4.890153,285.739545,37.304756,-1.639703,154.451439,-2.563928,-0.114870,-17.376992
2.765680,57.743018,-4.942976,290.700162,37.220706,-1.643728,153.893782,-2.651449,-0.132490,-17.288752
2.791749,58.712434,-4.985873,294.706221,37.151086,-1.647232,153.443880,-2.684179,-0.134761,-17.228411
2.817819,59.680029,-5.028860,298.700570,37.081072,-1.650661,152.995418,-2.682303,-0.126892,-17.178086
2.843888,60.645804,-5.071933,302.683244,37.011531,-1.653766,152.548146,-2.647870,-0.110094,-17.137206
2.869958,61.609781,-5.115081,306.654270,36.943265,-1.656338,152.101830,-2.585005,-0.086098,-17.104680
2.896027,62.572002,-5.158287,310.613672,36.876948,-1.658211,151.656268,-2.499511,-0.057007,-17.078989
2.922096,63.532525,-5.201531,314.561466,36.813085,-1.659284,151.211305,-2.398300,-0.025104,-17.058295
2.952445,64.648677,-5.251895,319.142709,36.742236,-1.659468,150.693919,-2.270464,0.012559,-17.037829
2.982794,65.762737,-5.302246,323.708259,36.675291,-1.658542,150.177134,-2.142717,0.047657,-17.018196
3.013143,66.874824,-5.352554,328.258135,36.612085,-1.656627,149.660971,-2.025315,0.077444,-16.996372
3.043492,67.985044,-5.402791,332.792356,36.552174,-1.653915,149.145539,-1.926617,0.099898,-16.969776
3.073841,69.093487,-5.452937,337.310948,36.494897,-1.650649,148.631010,-1.852570,0.113817,-16.936474
3.104190,70.200222,-5.502979,341.813940,36.439449,-1.647096,148.117610,-1.806432,0.118856,-16.895320
3.139121,71.471984,-5.560441,346.977502,36.376771,-1.642994,147.528415,-1.788485,0.114282,-16.837880
3.174051,72.741560,-5.617764,352.120521,36.314101,-1.639222,146.941405,-1.804976,0.100355,-16.770524
3.208982,74.008930,-5.674966,357.243077,36.250344,-1.636064,146.356894,-1.849235,0.079718,-16.695259
3.243913,75.274042,-5.732071,362.345263,36.184682,-1.633699,145.775112,-1.912276,0.055464,-16.614845
3.278844,76.536820,-5.789109,367.427177,36.116636,-1.632198,145.196185,-1.984045,0.030747,-16.532365
3.313774,77.797176,-5.846108,372.488919,36.046075,-1.631527,144.620130,-2.054614,0.008430,-16.450821
3.365686,79.665570,-5.930805,379.974250,35.937052,-1.631776,143.769161,-2.138876,-0.015507,-16.336812
3.417597,81.528206,-6.015541,387.415555,35.824661,-1.632901,142.923782,-2.181256,-0.024734,-16.236362
3.456203,82.909624,-6.078599,392.921190,35.740367,-1.633824,142.298236,-2.180829,-0.021751,-16.171800
3.494809,84.287795,-6.141689,398.402721,35.656629,-1.634481,141.675011,-2.154215,-0.011595,-16.115587
3.533415,85.662765,-6.204797,403.860231,35.574564,-1.634706,141.053756,-2.093314,-0.000203,-16.070033
3.572021,87.034615,-6.267902,409.293789,35.495193,-1.634440,140.434144,-2.014028,0.013126,-16.030654
3.610627,88.403459,-6.330986,414.703455,35.419065,-1.633648,139.815985,-1.930318,0.028032,-15.993360
3.649233,89.769428,-6.394030,420.089285,35.346149,-1.632292,139.199257,-1.851602,0.042816,-15.955304
3.685357,91.045064,-6.452964,425.107248,35.280453,-1.630521,138.623571,-1.789321,0.055164,-15.916866
3.721480,92.318364,-6.511826,430.104441,35.216708,-1.628337,138.049355,-1.742080,0.064923,-15.874372
3.757604,93.589387,-6.570604,435.080921,35.154363,-1.625859,137.476759,-1.711704,0.071334,-15.827183
3.793727,94.858172,-6.629288,440.036749,35.092820,-1.623221,136.905951,-1.698328,0.074138,-15.775194
3.829851,96.124740,-6.687875,444.971993,35.031479,-1.620546,136.337100,-1.700532,0.073527,-15.718807
3.865974,97.389088,-6.746368,449.886724,34.969816,-1.617948,135.770354,-1.715448,0.070001,-15.658899
3.909472,98.908554,-6.816680,455.777590,34.894589,-1.615049,135.090859,-1.744666,0.062895,-15.583840
3.952969,100.424718,-6.886874,461.638971,34.817950,-1.612502,134.414660,-1.778831,0.054066,-15.507887
3.996467,101.937515,-6.956965,467.471011,34.739856,-1.610350,133.741740,-1.810494,0.045067,-15.433359
4.039964,103.446887,-7.026971,473.273851,34.660555,-1.608567,133.071995,-1.833567,0.037304,-15.362130
4.083461,104.952792,-7.096906,479.047625,34.580518,-1.607075,132.405252,-1.843948,0.031835,-15.295451
4.126959,106.455209,-7.166781,484.792458,34.500344,-1.605758,131.741299,-1.839778,0.029260,-15.233888
4.170456,107.954148,-7.236600,490.508468,34.420668,-1.604487,131.079912,-1.821392,0.029706,-15.177339
4.213954,109.449643,-7.306362,496.195762,34.342067,-1.603134,130.420886,-1.791011,0.032878,-15.125138
4.257451,110.941750,-7.376062,501.854437,34.264987,-1.601595,129.764055,-1.752204,0.038158,-15.076203
4.300948,112.430543,-7.445689,507.484588,34.189703,-1.599795,129.109305,-1.709237,0.044724,-15.029220
4.344446,113.916102,-7.515231,513.086303,34.116299,-1.597697,128.456580,-1.666415,0.051682,-14.982846
4.387943,115.398508,-7.584676,518.659670,34.044685,-1.595303,127.805881,-1.627513,0.058193,-14.935875
4.455469,117.693741,-7.692261,527.255900,33.936477,-1.591090,126.799860,-1.581272,0.065859,-14.859676
4.509756,119.533738,-7.778537,534.117628,33.851302,-1.587413,125.994920,-1.559262,0.069040,-14.794584
4.564043,121.369136,-7.864610,540.935755,33.766946,-1.583643,125.193610,-1.550148,0.069451,-14.726211
4.618330,123.199963,-7.950480,547.710484,33.682791,-1.579918,124.396084,-1.550885,0.067561,-14.655496
4.672617,125.026214,-8.036151,554.442023,33.598424,-1.576342,123.602431,-1.557151,0.064180,-14.583812
4.726905,126.847875,-8.121633,561.130582,33.513677,-1.572967,122.812660,-1.564352,0.060248,-14.512630
4.781192,128.664926,-8.206938,567.776372,33.428614,-1.569799,122.026708,-1.568431,0.056661,-14.443253
4.848806,130.921583,-8.312952,575.994137,33.322615,-1.566081,121.052961,-1.564821,0.053728,-14.360761
4.916420,133.171089,-8.418720,584.146247,33.217254,-1.562484,120.084623,-1.549444,0.053165,-14.283302
4.984034,135.413515,-8.524243,592.233059,33.113317,-1.558842,119.121356,-1.523437,0.054965,-14.210525
5.039011,137.231704,-8.609860,598.760581,33.030285,-1.555746,118.341660,-1.497111,0.057730,-14.153948
5.093988,139.045372,-8.695302,605.245321,32.948765,-1.552477,117.565031,-1.468953,0.061111,-14.098783
5.148966,140.854600,-8.780559,611.687448,32.868778,-1.549019,116.791417,-1.441492,0.064572,-14.044190
5.203943,142.659472,-8.865620,618.087126,32.790227,-1.545385,116.020806,-1.416692,0.067535,-13.989506
5.258920,144.460062,-8.950480,624.444520,32.713006,-1.541690,115.253193,-1.392640,0.066206,-13.935325
5.313897,146.256440,-9.035138,630.759796,32.636983,-1.538098,114.488578,-1.372918,0.063537,-13.880448
5.380471,148.426178,-9.137395,638.351028,32.546184,-1.533980,113.566755,-1.356321,0.060428,-13.812508
5.447045,150.589904,-9.239385,645.881041,32.456277,-1.530075,112.649492,-1.346690,0.058359,-13.743225
5.513619,152.747665,-9.341120,653.350143,32.366822,-1.526245,111.736874,-1.341571,0.057859,-13.673388
5.580193,154.899479,-9.442602,660.758642,32.277609,-1.522365,110.828904,-1.337743,0.058773,-13.604079
5.635432,156.680428,-9.526606,666.860009,32.203807,-1.519071,110.078995,-1.333391,0.060201,-13.547706
5.690671,158.457306,-9.610424,672.920037,32.130322,-1.515696,109.332156,-1.326737,0.061937,-13.492789
5.745910,160.230137,-9.694054,678.938893,32.057290,-1.512228,108.588303,-1.317245,0.063787,-13.439516
5.801149,161.998950,-9.777490,684.916740,31.984862,-1.508659,107.847347,-1.304840,0.065548,-13.387915
5.856388,163.763784,-9.860727,690.853735,31.913188,-1.504997,107.109198,-1.289813,0.066983,-13.337893
5.911627,165.524681,-9.943759,696.750030,31.842400,-1.501266,106.373774,-1.272790,0.067899,-13.289237
5.975133,167.544310,-10.038961,703.478640,31.762229,-1.496934,105.531570,-1.251898,0.068237,-13.234585
6.038639,169.558890,-10.133887,710.153874,31.683396,-1.492605,104.692805,-1.230982,0.067895,-13.180813
6.102145,171.568505,-10.228540,716.775950,31.605859,-1.488316,103.857440,-1.211321,0.067067,-13.127450
6.165651,173.573234,-10.322922,723.345082,31.529508,-1.484090,103.025458,-1.193802,0.065987,-13.074157
6.229157,175.573149,-10.417038,729.861486,31.454191,-1.479935,102.196864,-1.178827,0.064889,-13.020760
6.302064,177.863258,-10.524764,737.277794,31.368791,-1.475245,101.249795,-1.164660,0.063856,-12.959338
6.374971,180.147175,-10.632150,744.625218,31.284325,-1.470615,100.307204,-1.153048,0.063262,-12.897997
6.447878,182.424965,-10.739200,751.904083,31.200641,-1.466011,99.369071,-1.142916,0.063182,-12.837100
6.520785,184.696679,-10.845914,759.114712,31.117673,-1.461395,98.435352,-1.133089,0.063570,-12.777055
6.593692,186.962372,-10.952290,766.257426,31.035438,-1.456737,97.505969,-1.122562,0.064283,-12.718222
6.678503,189.590489,-11.075605,774.481310,30.940802,-1.451246,96.430170,-1.108636,0.065278,-12.651594
6.744856,191.641099,-11.171757,780.852004,30.867640,-1.446892,95.592378,-1.096225,0.065994,-12.600918
6.811210,193.686882,-11.267618,787.167218,30.795339,-1.442496,94.757910,-1.082636,0.066536,-12.551459
6.877564,195.727898,-11.363187,793.427170,30.723968,-1.438070,93.926686,-1.068204,0.066836,-12.503088
6.943918,197.764210,-11.458461,799.632074,30.653569,-1.433632,93.098642,-1.053374,0.066871,-12.455632
7.017852,200.027702,-11.564274,806.481278,30.576284,-1.428695,92.179674,-1.036964,0.066624,-12.403600
7.091787,202.285523,-11.669723,813.262681,30.500193,-1.423783,91.264527,-1.021215,0.066150,-12.352235
7.165721,204.537760,-11.774809,819.976563,30.425234,-1.418911,90.353157,-1.006526,0.065550,-12.301362
7.239656,206.784494,-11.879537,826.623202,30.351321,-1.414085,89.445532,-0.993082,0.064934,-12.250885
7.313590,209.025799,-11.983910,833.202874,30.278361,-1.409303,88.541622,-0.980854,0.064397,-12.200792
7.387525,211.261743,-12.087930,839.715853,30.206271,-1.404556,87.641399,-0.969630,0.064006,-12.151142
7.461459,213.492386,-12.191602,846.162409,30.134952,-1.399871,86.744834,-0.959912,0.062833,-12.101839
7.544124,215.980213,-12.307112,853.291861,30.055986,-1.394793,85.746704,-0.951067,0.059785,-12.047067
7.626789,218.461548,-12.422209,860.338990,29.977772,-1.389925,84.753053,-0.941595,0.057544,-11.993504
7.709454,220.936450,-12.536909,867.304159,29.900363,-1.385220,83.763779,-0.930832,0.056379,-11.941402
7.725987,221.430665,-12.559803,868.687390,29.884992,-1.384288,83.566437,-0.928479,0.056297,-11.931175
7.742519,221.924625,-12.582681,870.067359,29.869661,-1.383358,83.369264,-0.926061,0.056263,-11.921011
7.759052,222.418332,-12.605545,871.444070,29.854371,-1.382428,83.172258,-0.923584,0.056273,-11.910908
7.775585,222.911787,-12.628393,872.817525,29.839123,-1.381497,82.975419,-0.921049,0.056324,-11.900867
7.808651,223.897942,-12.674042,875.554683,29.808755,-1.379631,82.582235,-0.915817,0.056535,-11.880961
7.841717,224.883097,-12.719630,878.278853,29.778563,-1.377755,82.189704,-0.910390,0.056874,-11.861285
7.874783,225.867258,-12.765155,880.990056,29.748554,-1.375866,81.797820,-0.904795,0.057321,-11.841826
7.933669,227.617471,-12.846073,885.786304,29.695581,-1.372460,81.101504,-0.894539,0.058281,-11.807665
7.992555,229.364585,-12.926789,890.541614,29.643217,-1.368995,80.407181,-0.884058,0.059351,-11.774070
8.051440,231.108635,-13.007299,895.256098,29.591470,-1.365468,79.714823,-0.873542,0.060404,-11.740962
8.128343,233.381735,-13.112127,901.351724,29.524811,-1.360778,78.813552,-0.859994,0.061606,-11.698353
8.205246,235.649741,-13.216592,907.378144,29.459172,-1.356010,77.915542,-0.847002,0.062407,-11.656299
8.282149,237.912738,-13.320689,913.335631,29.394503,-1.351200,77.020748,-0.834833,0.062670,-11.614675
8.359052,240.170798,-13.424416,919.224434,29.330737,-1.346390,76.129139,-0.823599,0.062372,-11.573412
8.471790,243.472301,-13.575813,927.733703,29.238744,-1.339420,74.827749,-0.808757,0.061060,-11.513557
8.584529,246.763528,-13.726431,936.096642,29.148341,-1.332636,73.533053,-0.795467,0.059067,-11.454565
8.675047,249.398733,-13.846818,942.705843,29.076798,-1.327366,72.498319,-0.785399,0.057368,-11.408014
8.765565,252.027503,-13.966735,949.221568,29.006153,-1.322247,71.467764,-0.775436,0.055859,-11.362352
8.856083,254.649917,-14.086194,955.644194,28.936414,-1.317250,70.441299,-0.765278,0.054703,-11.317697
8.946600,257.266060,-14.205207,961.974089,28.867609,-1.312339,69.418828,-0.754763,0.053963,-11.274110
9.037118,259.876019,-14.323777,968.211610,28.799777,-1.307475,68.400252,-0.743859,0.053613,-11.231598
9.179165,263.959481,-14.508959,977.814537,28.695357,-1.299868,66.809467,-0.726142,0.053651,-11.166954
9.321211,268.028290,-14.693060,987.192142,28.593479,-1.292228,65.227699,-0.708168,0.054004,-11.104586
9.438846,271.387012,-14.844697,994.788473,28.511037,-1.285860,63.924378,-0.693549,0.054206,-11.054414
9.556481,274.736136,-14.995584,1002.231833,28.430290,-1.279481,62.626887,-0.679486,0.054135,-11.005393
9.674116,278.075856,-15.145722,1009.522899,28.351157,-1.273129,61.335100,-0.666144,0.053719,-10.957405
9.791751,281.406359,-15.295116,1016.662336,28.273550,-1.266846,60.048900,-0.653544,0.052982,-10.910396
9.909385,284.727818,-15.443776,1023.650794,28.197383,-1.260667,58.768173,-0.641591,0.052020,-10.864374
10.088213,289.760121,-15.668393,1033.986805,28.084213,-1.251508,56.831437,-0.624321,0.050383,-10.796386
10.226797,293.646184,-15.841351,1041.759205,27.998594,-1.244611,55.338781,-0.611339,0.049204,-10.745452
10.365380,297.520504,-16.013364,1049.325232,27.914758,-1.237867,53.853075,-0.598483,0.048229,-10.696123
10.503964,301.383329,-16.184452,1056.685833,27.832699,-1.231242,52.374095,-0.585662,0.047487,-10.648411
10.642548,305.234904,-16.354629,1063.841925,27.752416,-1.224704,50.901616,-0.572896,0.046934,-10.602274
10.781131,309.075475,-16.523904,1070.794394,27.673897,-1.218232,49.435425,-0.560273,0.046487,-10.557630
10.920417,312.924647,-16.693146,1077.577770,27.596639,-1.211882,47.967982,-0.549224,0.044583,-10.513545
10.948274,313.693196,-16.726889,1078.909942,27.581366,-1.210649,47.675228,-0.547332,0.043895,-10.504753
10.976131,314.461321,-16.760597,1080.233961,27.566146,-1.209434,47.382717,-0.545431,0.043226,-10.496022
11.003988,315.229023,-16.794272,1081.549836,27.550979,-1.208239,47.090449,-0.543519,0.042582,-10.487355
11.031845,315.996304,-16.827913,1082.857572,27.535865,-1.207061,46.798421,-0.541592,0.041967,-10.478752
11.087560,317.529605,-16.895099,1085.448655,27.505799,-1.204755,46.215081,-0.537686,0.040831,-10.461744
11.143274,319.061237,-16.962158,1088.007264,27.475953,-1.202509,45.632680,-0.533703,0.039835,-10.445004
11.198988,320.591212,-17.029093,1090.533451,27.446331,-1.200314,45.051205,-0.529634,0.038989,-10.428537
11.254702,322.119544,-17.095908,1093.027268,27.416939,-1.198161,44.470639,-0.525480,0.038298,-10.412341
11.387014,325.742558,-17.254106,1098.820224,27.348079,-1.193173,43.095455,-0.515306,0.037251,-10.374944
11.519326,329.356550,-17.411653,1104.431553,27.280588,-1.188275,41.725124,-0.504800,0.036941,-10.338978
11.651638,332.961705,-17.568553,1109.861882,27.214499,-1.183381,40.359464,-0.494158,0.037150,-10.304307
11.783949,336.558208,-17.724803,1115.111819,27.149816,-1.178437,38.998313,-0.483594,0.037624,-10.270775
11.916261,340.146245,-17.880394,1120.181949,27.086518,-1.173423,37.641532,-0.473289,0.038130,-10.238232
12.065342,344.179117,-18.054906,1125.679954,27.016798,-1.167704,36.117871,-0.462155,0.038528,-10.202620
12.214424,348.201715,-18.228562,1130.951199,26.948676,-1.161951,34.599426,-0.451820,0.038609,-10.168241
12.336790,351.495971,-18.370458,1135.108954,26.893887,-1.157238,33.356869,-0.443772,0.038373,-10.140665
12.459157,354.783582,-18.511780,1139.114867,26.840061,-1.152569,32.117650,-0.436083,0.037874,-10.113647
12.581524,358.064663,-18.652535,1142.969342,26.787157,-1.147974,30.881701,-0.428703,0.037151,-10.087186
12.703890,361.339325,-18.792734,1146.672775,26.735141,-1.143478,29.648955,-0.421569,0.036257,-10.061291
12.850997,365.267700,-18.960558,1150.925565,26.673745,-1.138230,28.171118,-0.413226,0.035036,-10.030932
12.998103,369.187134,-19.127624,1154.961285,26.613561,-1.133171,26.697685,-0.405032,0.033749,-10.001447
13.145209,373.097803,-19.293959,1158.780569,26.554574,-1.128303,25.228523,-0.396890,0.032489,-9.972870
13.292315,376.999882,-19.459592,1162.384036,26.496785,-1.123615,23.763498,-0.388726,0.031322,-9.945223
13.439422,380.893549,-19.624548,1165.772283,26.440203,-1.119089,22.302470,-0.380486,0.030280,-9.918517
13.612211,385.456513,-19.817469,1169.478007,26.375303,-1.113953,20.591277,-0.370661,0.029226,-9.888356
13.785001,390.008411,-20.009517,1172.888499,26.312120,-1.108983,18.885183,-0.360632,0.028339,-9.859504
13.957791,394.549543,-20.200719,1176.004619,26.250690,-1.104154,17.183959,-0.350364,0.027581,-9.831972
14.130581,399.080214,-20.391097,1178.827189,26.191056,-1.099448,15.487377,-0.339827,0.026908,-9.805790
14.303370,403.600740,-20.580672,1181.356992,26.133269,-1.094854,13.795197,-0.328994,0.026271,-9.781016
14.536204,409.676657,-20.834887,1184.304139,26.058413,-1.088838,11.521510,-0.313898,0.025398,-9.750033
14.769037,415.735559,-21.087725,1186.722709,25.987137,-1.083033,9.254686,-0.298241,0.024440,-9.722153
15.001871,421.778293,-21.339237,1188.614211,25.919559,-1.077464,6.993948,-0.282140,0.023357,-9.697903
15.234704,427.805730,-21.589484,1189.979958,25.855750,-1.072161,4.738374,-0.265907,0.022150,-9.677964
15.467538,433.818747,-21.838529,1190.821028,25.795683,-1.067150,2.486864,-0.250131,0.020870,-9.663118
15.700371,439.818196,-22.086443,1191.138224,25.739146,-1.062436,0.238149,-0.235762,0.019603,-9.654141
15.733333,440.666492,-22.121453,1191.140829,25.731403,-1.061792,-0.080057,-0.233912,0.019431,-9.653384
15.741538,440.877601,-22.130163,1191.139522,25.729487,-1.061633,-0.159261,-0.233490,0.019415,-9.653186
15.749743,441.088694,-22.138873,1191.137566,25.727575,-1.061474,-0.238464,-0.233072,0.019398,-9.652995
15.766153,441.510850,-22.156289,1191.132353,25.723757,-1.061156,-0.396866,-0.232191,0.019317,-9.652695
15.782563,441.932944,-22.173700,1191.124541,25.719954,-1.060840,-0.555264,-0.231326,0.019237,-9.652427
15.798973,442.354975,-22.191105,1191.114129,25.716165,-1.060525,-0.713657,-0.230477,0.019157,-9.652192
15.915512,445.350352,-22.314569,1190.965417,25.689636,-1.058324,-1.838453,-0.224959,0.018618,-9.651479
16.032050,448.342672,-22.437779,1190.685625,25.663690,-1.056182,-2.963263,-0.220506,0.018150,-9.652413
16.148589,451.331996,-22.560742,1190.274738,25.638189,-1.054090,-4.088275,-0.217339,0.017774,-9.654951
16.265128,454.318367,-22.683464,1189.732724,25.612972,-1.052035,-5.213672,-0.215675,0.017511,-9.658989
16.462307,459.364524,-22.890563,1188.516872,25.570419,-1.048602,-7.119127,-0.216841,0.017385,-9.668705
16.659487,464.402232,-23.096984,1186.925099,25.527097,-1.045149,-9.026764,-0.223575,0.017724,-9.680836
16.856666,469.431235,-23.302717,1184.956934,25.481885,-1.041581,-10.936877,-0.235982,0.018550,-9.693452
17.053846,474.451047,-23.507728,1182.611898,25.433718,-1.037805,-12.849324,-0.253368,0.019831,-9.704049
17.233333,479.011907,-23.693674,1180.149258,25.386591,-1.034119,-14.591654,-0.272124,0.021295,-9.709599
17.255136,479.563325,-23.716051,1179.829625,25.291593,-1.026373,-14.660454,-4.357224,0.355280,-3.155640
17.276938,480.112681,-23.738261,1179.508495,25.197059,-1.018665,-14.729103,-4.335955,0.353517,-3.148667
17.320543,481.207291,-23.782345,1178.863249,25.008907,-1.003326,-14.866096,-4.293923,0.350031,-3.134746
17.364148,482.293737,-23.825764,1178.212042,24.822570,-0.988138,-15.002483,-4.252709,0.346612,-3.120856
17.407752,483.372096,-23.868523,1177.554902,24.638013,-0.973097,-15.138265,-4.212292,0.343258,-3.106992
17.785254,492.380280,-24.212029,1171.621557,23.110054,-0.848681,-16.288585,-3.892884,0.316717,-2.987684
18.162755,500.833476,-24.510382,1165.262536,21.693419,-0.733529,-17.393974,-3.620215,0.293993,-2.868724
18.540257,508.770439,-24.766812,1158.494714,20.372338,-0.626353,-18.454373,-3.385080,0.274332,-2.749186
18.917758,516.224717,-24.984124,1151.335134,19.134095,-0.526117,-19.469470,-3.180133,0.257129,-2.628629
19.494098,526.740092,-25.245971,1139.687768,17.380521,-0.384604,-20.930969,-2.912425,0.234540,-2.442563
20.070439,536.286791,-25.429808,1127.229071,15.768764,-0.255098,-22.284723,-2.685755,0.215280,-2.255008
20.646780,544.940145,-25.542037,1114.021338,14.278777,-0.135974,-23.530388,-2.488842,0.198430,-2.067849
21.223120,552.766214,-25.588307,1100.126629,12.895682,-0.026029,-24.668840,-2.313718,0.183341,-1.883410
21.799461,559.823262,-25.573639,1085.606167,11.608609,0.075618,-25.702337,-2.154916,0.169574,-1.704036
22.502744,567.469259,-25.479960,1067.126247,10.155475,0.188887,-26.826276,-1.980763,0.152280,-1.494063
23.206027,574.134726,-25.311020,1047.906849,8.818039,0.289351,-27.806769,-1.825621,0.132935,-1.296543
23.909310,579.896983,-25.076115,1028.045388,7.585144,0.376301,-28.653927,-1.681704,0.114819,-1.115773
24.612594,584.826817,-24.784501,1007.631454,6.450030,0.451005,-29.380190,-1.547931,0.097807,-0.952582
25.315877,588.990595,-24.444486,986.745701,5.405666,0.514135,-29.997957,-1.423587,0.081893,-0.807135
25.904890,591.933310,-24.128172,968.942828,4.596086,0.558655,-30.440821,-1.326393,0.069405,-0.698627
26.493904,594.415645,-23.787755,950.897196,3.841941,0.596044,-30.823201,-1.235335,0.057677,-0.601668
27.082917,596.469229,-23.427307,932.642533,3.139667,0.626747,-31.151698,-1.150240,0.046702,-0.515545
27.671931,598.123592,-23.050635,914.208742,2.485802,0.651203,-31.432462,-1.070925,0.036464,-0.439455
28.952966,600.473056,-22.192152,873.622048,1.214970,0.684867,-31.904817,-0.917376,0.016643,-0.304480
30.234001,601.313710,-21.306457,832.531734,0.124324,0.694263,-32.227255,-0.789624,-0.001963,-0.203621
31.515036,600.854615,-20.424339,791.102627,-0.819164,0.678935,-32.437650,-0.687713,-0.022603,-0.128525
32.796072,599.265554,-19.577861,749.459460,-1.644398,0.638451,-32.565698,-0.602761,-0.039510,-0.074623
34.077107,596.684402,-18.796682,707.692294,-2.370109,0.578651,-32.635335,-0.532570,-0.053462,-0.036061
34.637959,595.272679,-18.480913,689.383746,-2.661188,0.547178,-32.651797,-0.505862,-0.058742,-0.022932
35.198812,593.701884,-18.183507,671.067876,-2.937926,0.512855,-32.661406,-0.481343,-0.063569,-0.011658
35.759665,591.979616,-17.906100,652.748319,-3.201485,0.475945,-32.665157,-0.458848,-0.067983,-0.001979
36.320517,590.112971,-17.650069,634.428107,-3.452959,0.436669,-32.663876,-0.438218,-0.072014,0.006320
37.635354,585.207960,-17.142195,591.490356,-3.997331,0.333339,-32.644772,-0.390414,-0.085776,0.021692
38.950191,579.626693,-16.782004,548.589818,-4.482299,0.211242,-32.608589,-0.348232,-0.099993,0.032662
40.265028,573.441869,-16.593709,505.745514,-4.916767,0.071932,-32.560332,-0.314010,-0.111381,0.040324
41.579865,566.713677,-16.597950,462.970494,-5.310642,-0.080800,-32.503639,-0.286196,-0.120539,0.045590
42.257985,563.048055,-16.680925,440.939871,-5.500565,-0.163893,-32.472047,-0.273938,-0.124535,0.047614
42.936105,559.256283,-16.821104,418.931061,-5.682592,-0.249552,-32.439200,-0.262926,-0.128098,0.049258
43.614225,555.343725,-17.020217,396.944874,-5.856831,-0.337701,-32.405315,-0.250962,-0.131884,0.050672
44.585668,549.541647,-17.412291,365.489208,-6.083836,-0.470936,-32.354838,-0.212617,-0.143513,0.053314
45.372629,544.690871,-17.828184,340.043939,-6.240302,-0.587154,-32.312157,-0.185983,-0.151557,0.055102
46.159589,539.724637,-18.337851,314.632762,-6.377184,-0.709274,-32.268187,-0.162509,-0.158610,0.056589
46.946549,534.657912,-18.945789,289.256628,-6.496761,-0.836579,-32.223161,-0.141830,-0.164786,0.057797
47.733510,529.503186,-19.655729,263.916275,-6.601050,-0.968435,-32.177285,-0.123621,-0.170188,0.058753
48.085714,527.170733,-20.007412,252.586940,-6.643265,-1.028767,-32.156528,-0.116192,-0.172378,0.059107
48.116346,526.967131,-20.039086,251.601992,-6.646805,-1.034053,-32.154716,-0.115567,-0.172562,0.059135
48.146977,526.763422,-20.070923,250.617100,-6.650326,-1.039344,-32.152904,-0.114945,-0.172745,0.059164
48.838448,522.139020,-20.831360,228.398516,-6.725211,-1.160139,-32.111798,-0.101653,-0.176640,0.059729
49.529919,517.465837,-21.676199,206.208473,-6.791390,-1.283475,-32.070350,-0.089769,-0.180092,0.060154
49.585714,517.086769,-21.748092,204.419189,-6.796374,-1.293530,-32.066992,-0.088867,-0.180352,0.060183
49.586613,517.080655,-21.749260,204.390493,-6.799083,-1.299030,-31.913156,-3.013160,-6.116184,171.078625
49.587513,517.074539,-21.750433,204.361933,-6.801766,-1.304477,-31.760829,-2.983986,-6.058087,169.400752
49.589311,517.062302,-21.752788,204.305085,-6.807081,-1.315270,-31.459141,-2.926622,-5.943836,166.101371
49.591110,517.050055,-21.755163,204.248774,-6.812294,-1.325859,-31.163303,-2.870902,-5.832839,162.896523
49.592908,517.037799,-21.757557,204.192990,-6.817409,-1.336252,-30.873146,-2.816764,-5.724974,159.782631
49.602912,516.969464,-21.771202,203.891891,-6.844170,-1.390699,-29.356244,-2.541989,-5.177193,143.977633
49.612915,516.900875,-21.785365,203.605201,-6.868384,-1.440066,-27.985795,-2.305653,-4.705574,130.382837
49.622919,516.832055,-21.799999,203.331570,-6.890399,-1.485042,-26.741915,-2.100932,-4.296637,118.605962
49.632922,516.763024,-21.815064,203.069818,-6.910501,-1.526195,-25.608051,-1.922430,-3.939722,108.336942
49.648158,516.657523,-21.838755,202.691684,-6.937979,-1.582592,-24.061719,-1.691467,-3.477343,95.049090
49.663394,516.551629,-21.863255,202.335660,-6.962250,-1.632567,-22.699830,-1.499968,-3.093398,84.031138
49.678630,516.445385,-21.888475,201.999189,-6.983846,-1.677174,-21.491875,-1.339449,-2.771094,74.795419
49.693866,516.338830,-21.914338,201.680107,-7.003191,-1.717258,-20.413439,-1.203556,-2.497834,66.976419
49.709101,516.231996,-21.940783,201.376595,-7.020622,-1.753490,-19.445141,-1.087497,-2.264121,60.298726
49.734464,516.053604,-21.985947,200.901774,-7.046110,-1.806691,-18.036280,-0.928691,-1.943726,51.162010
49.759826,515.874614,-22.032366,200.459979,-7.068001,-1.852627,-16.834347,-0.802627,-1.688791,43.910021
49.785189,515.695106,-22.079873,200.046479,-7.087022,-1.892753,-15.797507,-0.700837,-1.482469,38.055639
49.810551,515.515146,-22.128335,199.657516,-7.103706,-1.928136,-14.895071,-0.617478,-1.313126,33.262862
49.835913,515.334788,-22.177644,199.289995,-7.118463,-1.959601,-14.103368,-0.548354,-1.172390,29.290191
49.861276,515.154077,-22.227708,198.941348,-7.131615,-1.987793,-13.403930,-0.490393,-1.054127,25.960904
49.902793,514.857590,-22.311097,198.405883,-7.150315,-2.028165,-12.421344,-0.413876,-0.897577,21.569753
49.944311,514.560388,-22.396038,197.907729,-7.166210,-2.062788,-11.599639,-0.354265,-0.775216,18.154053
49.985828,514.262574,-22.482319,197.440962,-7.179899,-2.092875,-10.904261,-0.306910,-0.677707,15.445982
50.027346,513.964229,-22.569770,197.000897,-7.191819,-2.119315,-10.309873,-0.268656,-0.598704,13.263838
50.068864,513.665420,-22.658255,196.583750,-7.202301,-2.142781,-9.797423,-0.237299,-0.533765,11.480644
50.110381,513.366201,-22.747662,196.186436,-7.211597,-2.163786,-9.352340,-0.211264,-0.479707,10.005611
50.180966,512.856680,-22.901522,195.549478,-7.225207,-2.194937,-8.719493,-0.176115,-0.406497,8.026354
50.251550,512.346278,-23.057413,194.952682,-7.236648,-2.221562,-8.208230,-0.149258,-0.350358,6.528588
50.322134,511.835131,-23.215054,194.388544,-7.246413,-2.244676,-7.789981,-0.128239,-0.306294,5.370600
50.392719,511.323343,-23.374225,193.851271,-7.254850,-2.265006,-7.444320,-0.111452,-0.271017,4.459299
50.463303,510.810998,-23.534749,193.336287,-7.262219,-2.283088,-7.156194,-0.097803,-0.242285,3.731304
50.533887,510.298165,-23.696482,192.839952,-7.268712,-2.299325,-6.914326,-0.086532,-0.218532,3.142393
50.649843,509.454773,-23.964497,192.057534,-7.277852,-2.322779,-6.595563,-0.071818,-0.187499,2.397236
50.765798,508.610412,-24.235039,191.307531,-7.285495,-2.343077,-6.350955,-0.060485,-0.163603,1.849342
50.881753,507.765235,-24.507786,190.582539,-7.291969,-2.360912,-6.161404,-0.051523,-0.144736,1.439078
50.997708,506.919363,-24.782483,189.877019,-7.297509,-2.376782,-6.013417,-0.044281,-0.129525,1.127492
51.113664,506.072894,-25.058925,189.186737,-7.302287,-2.391055,-5.897154,-0.038318,-0.117042,0.888087
51.229619,505.225909,-25.336943,188.508457,-7.306433,-2.404006,-5.805386,-0.033334,-0.106648,0.702495
51.416844,503.857420,-25.788818,187.432461,-7.312039,-2.422654,-5.695637,-0.026833,-0.093159,0.484515
51.604069,502.487987,-26.243965,186.373605,-7.316568,-2.439075,-5.619601,-0.021734,-0.082652,0.336113
51.791293,501.117789,-26.702014,185.326710,-7.320245,-2.453697,-5.566767,-0.017693,-0.073675,0.234277
51.978518,499.746966,-27.162626,184.288142,-7.323260,-2.466405,-5.529954,-0.014689,-0.061020,0.163402
52.165743,498.375629,-27.625411,183.255350,-7.325775,-2.476789,-5.504254,-0.012224,-0.050841,0.114203
52.440298,496.363879,-28.307183,181.747809,-7.328724,-2.488964,-5.479921,-0.009372,-0.039066,0.067830
52.714852,494.351415,-28.991863,180.245462,-7.330983,-2.498419,-5.465462,-0.007210,-0.030017,0.040374
52.989407,492.338409,-29.678852,178.746142,-7.332724,-2.505675,-5.456745,-0.005554,-0.023115,0.023855
53.263962,490.324982,-30.367601,177.248696,-7.334067,-2.511258,-5.451577,-0.004282,-0.017824,0.014074
53.567347,488.099763,-31.130197,175.595264,-7.335203,-2.515987,-5.448243,-0.003208,-0.013354,0.007770
53.870732,485.874242,-31.894053,173.942655,-7.336053,-2.519526,-5.446466,-0.002405,-0.010013,0.004410
54.174117,483.648494,-32.658849,172.290472,-7.336689,-2.522177,-5.445493,-0.001805,-0.007512,0.002571
54.478803,481.413035,-33.427631,170.631419,-7.337169,-2.524174,-5.444921,-0.001352,-0.005630,0.001490
54.783489,479.177448,-34.196943,168.972491,-7.337529,-2.525670,-5.444584,-0.001014,-0.004219,0.000853
55.088174,476.941765,-34.966653,167.313639,-7.337798,-2.526791,-5.444390,-0.000760,-0.003162,0.000487
55.393082,474.704380,-35.737222,165.653621,-7.338000,-2.527632,-5.444280,-0.000569,-0.002369,0.000280
55.697990,472.466942,-36.508016,163.993628,-7.338151,-2.528262,-5.444217,-0.000427,-0.001775,0.000161
56.002898,470.229463,-37.278976,162.333650,-7.338265,-2.528735,-5.444181,-0.000320,-0.001330,0.000092
56.452182,466.932471,-38.415210,159.887675,-7.338383,-2.529225,-5.444155,-0.000209,-0.000868,0.000042
56.901466,463.635435,-39.551626,157.441708,-7.338459,-2.529543,-5.444145,-0.000137,-0.000568,0.000024
57.350750,460.338371,-40.688160,154.995744,-7.338509,-2.529751,-5.444140,-0.000089,-0.000372,0.000015
57.960862,455.861045,-42.231650,151.674212,-7.338550,-2.529924,-5.444135,-0.000050,-0.000210,0.000006
58.570974,451.383700,-43.775221,148.352681,-7.338573,-2.530018,-5.444133,-0.000029,-0.000121,0.000001
59.181086,446.906344,-45.318837,145.031151,-7.338586,-2.530072,-5.444133,-0.000017,-0.000070,0.000001
59.791238,442.428689,-46.862577,141.709404,-7.338594,-2.530104,-5.444133,-0.000010,-0.000040,0.000002
63.003408,418.855864,-54.989765,124.221926,-7.338610,-2.530171,-5.444133,0.000006,0.000023,0.000001
66.215578,395.283020,-63.117035,106.734449,-7.338608,-2.530162,-5.444132,0.000004,0.000015,0.000000
69.427747,371.710174,-71.244306,89.246972,-7.338605,-2.530151,-5.444132,0.000001,0.000004,-0.000000
84.209554,263.232350,-108.644443,8.772864,-7.338605,-2.530149,-5.444132,0.000001,0.000002,-0.000000
