Time,Altitude,Pressure,Velocity,Temperature,Events,Voltages
0.00,1.223976E-05,1003.90,0,74.84, -,9.315441
0.05,8.25382,1003.60,7.857143,74.84, -,9.315441
0.10,22.01237,1003.10,20.95238,74.84, -,9.315441
0.15,33.0222,1002.70,31.42857,74.84, -,9.315441
0.20,44.03727,1002.30,41.90476,74.84, -,9.315441
0.25,55.05421,1001.90,52.38095,74.84, -,9.315441
0.30,71.58883,1001.30,68.14286,74.84, -,9.315441
0.35,79.85831,1001.00,76,74.84, -,9.315441
0.40,88.12979,1000.70,83.85714,74.84, -,9.315441
0.45,99.16269,1000.30,94.38095,74.84, -,9.315441
0.50,112.958,999.80,107.5238,74.84, -,9.315441
0.55,126.7589,999.30,120.6667,74.84, -,9.315441
0.60,137.8026,998.90,131.1905,74.84, -,9.315441
0.65,148.8516,998.50,141.7143,74.84, -,9.315441
0.70,170.9586,997.70,162.7619,74.84, -,9.315441
0.75,184.7831,997.20,175.9048,74.84, -,9.315441
0.80,198.6131,996.70,189.0952,74.84, -,9.315441
0.85,215.2175,996.10,204.9048,74.84, -,9.315441
0.90,242.9079,995.10,231.2857,74.84, -,9.315441
0.95,262.3033,994.40,249.7619,74.84, -,9.315441
1.00,281.7114,993.70,268.2381,74.84, -,9.315441
1.05,301.1306,993.00,286.7143,74.84, -,9.315441
1.10,326.1146,992.10,302.6667,74.84, -,9.315441
1.15,348.3371,991.30,310.7143,74.84, -,9.315441
1.20,370.5741,990.50,321.4286,74.84, -,9.315441
1.25,384.4799,990.00,324.1905,74.84, -,9.315441
1.30,403.9578,989.30,332.2857,74.84, -,9.315441
1.35,423.4469,988.60,335.0952,74.84, -,9.315441
1.40,442.9455,987.90,345.8095,74.84, -,9.315441
1.45,462.4569,987.20,356.5238,74.84, -,9.315441
1.50,484.7687,986.40,367.2381,74.84, -,9.315441
1.55,507.0969,985.60,375.381,74.84, -,9.315441
1.60,535.0261,984.60,388.8571,74.84, -,9.315441
1.65,560.1809,983.70,402.2857,74.84, -,9.315441
1.70,590.9534,982.60,421.0476,74.84, -,9.315441
1.75,618.9515,981.60,426.6667,74.84, -,9.315441
1.80,646.9729,980.60,440.1905,74.84, -,9.315441
1.85,672.2108,979.70,451.0476,74.84, -,9.315441
1.90,703.085,978.60,464.619,74.84, -,9.315441
1.95,725.5555,977.80,459.619,74.84, -,9.315441
2.00,750.852,976.90,465.2381,74.84, -,9.315441
2.05,776.1691,976.00,470.8571,74.84, -,9.315441
2.10,801.5051,975.10,476.5238,74.84, -,9.315441
2.15,824.0409,974.30,474.1905,74.84, -,9.315441
2.20,849.4109,973.40,477.1905,74.84, -,9.315441
2.25,871.9804,972.60,477.4762,74.84, -,9.315441
2.30,900.2116,971.60,491.1429,74.84, -,9.315441
2.35,922.8132,970.80,494.0952,74.84, -,9.315441
2.40,948.2573,969.90,499.7619,74.84, -,9.315441
2.45,970.8926,969.10,502.7619,74.84, -,9.315441
2.50,996.373,968.20,508.4762,74.84, -,9.315441
2.55,1019.039,967.40,508.8095,74.84, -,9.334889
2.60,1041.722,966.60,509.1429,74.84, -,9.334889
2.65,1064.418,965.80,504.1429,74.84, -,9.334889
2.70,1087.129,965.00,501.8095,74.84, -,9.334889
2.75,1109.856,964.20,494.1905,74.84, -,9.334889
2.80,1135.443,963.30,491.9048,74.84, -,9.334889
2.85,1158.202,962.50,486.9048,74.84, -,9.334889
2.90,1180.976,961.70,484.5238,74.84, -,9.334889
2.95,1203.766,960.90,476.8571,74.84, -,9.334889
3.00,1226.573,960.10,477.1905,74.84, -,9.334889
3.05,1249.394,959.30,474.8095,74.84, -,9.334889
3.10,1275.085,958.40,475.1905,74.84, -,9.334889
3.15,1297.94,957.60,472.8095,74.84, -,9.334889
3.20,1323.668,956.70,475.8571,74.84, -,9.334889
3.25,1349.417,955.80,476.2381,74.84, -,9.334889
3.30,1378.05,954.80,482.0476,74.84, -,9.334889
3.35,1400.973,954.00,476.9524,74.84, -,9.334889
3.40,1423.912,953.20,477.2857,74.84, -,9.334889
3.45,1446.866,952.40,474.9048,74.84, -,9.334889
3.50,1469.838,951.60,475.1905,74.84, -,9.315441
3.55,1489.948,950.90,470.0476,74.84, -,9.315441
3.60,1512.949,950.10,470.381,74.84, -,9.315441
3.65,1533.085,949.40,467.9524,74.84, -,9.315441
3.70,1556.116,948.60,468.2857,74.84, -,9.315441
3.75,1579.16,947.80,468.619,74.84, -,9.315441
3.80,1602.22,947.00,468.9048,74.84, -,9.315441
3.85,1622.412,946.30,463.7619,74.84, -,9.315441
3.90,1645.501,945.50,464.0952,74.84, -,9.315441
3.95,1665.719,944.80,461.6667,74.84, -,9.315441
4.00,1685.948,944.10,459.2381,74.84, -,9.315441
4.05,1706.188,943.40,456.8095,74.84, -,9.315441
4.10,1729.337,942.60,457.1429,74.84, -,9.315441
4.15,1749.603,941.90,451.9524,74.84, -,9.315441
4.20,1772.782,941.10,452.2857,74.84, -,9.315441
4.25,1793.074,940.40,447.0952,74.84, -,9.315441
4.30,1813.38,939.70,441.9048,74.84, -,9.315441
4.35,1833.698,939.00,433.9524,74.84, -,9.315441
4.40,1854.028,938.30,431.5238,74.84, -,9.315441
4.45,1874.371,937.60,429.0476,74.84, -,9.315441
4.50,1894.725,936.90,426.5714,74.84, -,9.315441
4.55,1915.092,936.20,424.0952,74.84, -,9.315441
4.60,1935.472,935.50,424.381,74.84, -,9.315441
4.65,1955.864,934.80,421.9048,74.84, -,9.315441
4.70,1979.184,934.00,424.9048,74.84, -,9.315441
4.75,1999.602,933.30,422.381,74.84, -,9.315441
4.80,2020.033,932.60,419.9048,74.84, -,9.315441
4.85,2037.554,932.00,414.619,74.84, -,9.315441
4.90,2058.009,931.30,414.8571,74.84, -,9.315441
4.95,2075.55,930.70,409.5714,74.84, -,9.315441
5.00,2096.027,930.00,409.8571,74.84, -,9.315441
5.05,2113.588,929.40,407.2857,74.84, -,9.315441
5.10,2137.019,928.60,410.3333,74.84, -,9.315441
5.15,2154.601,928.00,405.0476,74.84, -,9.315441
5.20,2175.127,927.30,405.3333,74.84, -,9.315441
5.25,2192.729,926.70,400,74.84, -,9.315441
5.30,2213.278,926.00,400.2381,74.84, -,9.315441
5.35,2230.9,925.40,397.6667,74.84, -,9.315441
5.40,2251.472,924.70,397.9048,74.84, -,9.315441
5.45,2269.116,924.10,395.3333,74.84, -,9.315441
5.50,2286.768,923.50,392.7619,74.84, -,9.334889
5.55,2304.429,922.90,390.1905,74.84, -,9.334889
5.60,2325.046,922.20,390.4286,74.84, -,9.334889
5.65,2342.729,921.60,387.8571,74.84, -,9.334889
5.70,2360.419,921.00,385.2857,74.84, -,9.334889
5.75,2378.119,920.40,379.9524,74.84, -,9.334889
5.80,2395.83,919.80,377.381,74.84, -,9.334889
5.85,2410.595,919.30,371.9524,74.84, -,9.334889
5.90,2431.278,918.60,375,74.84, -,9.334889
5.95,2449.015,918.00,372.4286,74.84, -,9.334889
6.00,2466.762,917.40,372.619,74.84, -,9.334889
6.05,2481.558,916.90,367.1905,74.84, -,9.334889
6.10,2499.324,916.30,367.381,74.84, -,9.334889
6.15,2517.097,915.70,361.9524,74.84, -,9.334889
6.20,2534.882,915.10,362.1429,74.84, -,9.334889
6.25,2552.674,914.50,359.5238,74.84, -,9.334889
6.30,2567.508,914.00,356.9048,74.84, -,9.334889
6.35,2585.318,913.40,354.2857,74.84, -,9.334889
6.40,2603.138,912.80,354.4762,74.84, -,9.334889
6.45,2620.967,912.20,351.9048,74.84, -,9.334889
6.50,2638.806,911.60,352.0952,74.84, -,9.334889
6.55,2653.679,911.10,349.4286,74.84, -,9.315441
6.60,2671.535,910.50,349.619,74.84, -,9.315441
6.65,2686.422,910.00,344.1905,74.84, -,9.315441
6.70,2701.316,909.50,341.5238,74.84, -,9.315441
6.75,2716.217,909.00,338.8571,74.84, -,9.315441
6.80,2734.105,908.40,339.0476,74.84, -,9.315441
6.85,2752.005,907.80,339.2381,74.84, -,9.315441
6.90,2766.928,907.30,339.381,74.84, -,9.315441
6.95,2784.844,906.70,336.7143,74.84, -,9.315441
7.00,2799.782,906.20,334.0476,74.84, -,9.315441
7.05,2814.727,905.70,331.381,74.84, -,9.315441
7.10,2829.678,905.20,331.5238,74.84, -,9.315441
7.15,2844.636,904.70,328.8571,74.84, -,9.315441
7.20,2862.595,904.10,329.0476,74.84, -,9.315441
7.25,2874.572,903.70,323.5238,74.84, -,9.315441
7.30,2892.547,903.10,323.7143,74.84, -,9.315441
7.35,2907.533,902.60,323.8571,74.84, -,9.315441
7.40,2922.526,902.10,321.1905,74.84, -,9.315441
7.45,2937.526,901.60,318.5238,74.84, -,9.315441
7.50,2952.532,901.10,315.8095,74.84, -,9.334889
7.55,2964.541,900.70,310.2381,74.84, -,9.334889
7.60,2979.559,900.20,310.381,74.84, -,9.334889
7.65,2994.584,899.70,307.7143,74.84, -,9.334889
7.70,3009.616,899.20,307.8571,74.84, -,9.334889
7.75,3021.647,898.80,305.1429,74.84, -,9.334889
7.80,3036.691,898.30,305.2857,74.84, -,9.334889
7.85,3051.742,897.80,302.5714,74.84, -,9.334889
7.90,3063.787,897.40,297,74.84, -,9.334889
7.95,3078.85,896.90,297.1429,74.84, -,9.334889
8.00,3090.906,896.50,291.5714,74.84, -,9.334889
8.05,3102.967,896.10,288.8095,74.84, -,9.334889
8.10,3118.047,895.60,288.9524,74.84, -,9.334889
8.15,3133.135,895.10,289.0952,74.84, -,9.334889
8.20,3145.209,894.70,286.3333,74.84, -,9.334889
8.25,3157.289,894.30,280.7619,74.84, -,9.334889
8.30,3172.394,893.80,283.7143,74.84, -,9.334889
8.35,3184.482,893.40,278.0952,74.84, -,9.334889
8.40,3199.6,892.90,278.1905,74.84, -,9.334889
8.45,3211.7,892.50,275.4286,74.84, -,9.334889
8.50,3223.804,892.10,272.6667,74.84, -,9.334889
8.55,3235.911,891.70,269.9048,74.84, -,9.315441
8.60,3251.052,891.20,272.9048,74.84, -,9.315441
8.65,3263.171,890.80,270.1429,74.84, -,9.315441
8.70,3278.324,890.30,270.2381,74.84, -,9.315441
8.75,3290.451,889.90,267.4762,74.84, -,9.315441
8.80,3302.583,889.50,267.5714,74.84, -,9.315441
8.85,3314.721,889.10,264.8095,74.84, -,9.315441
8.90,3326.861,888.70,262.0476,74.84, -,9.315441
8.95,3335.969,888.40,259.2381,74.84, -,9.315441
9.00,3351.156,887.90,259.381,74.84, -,9.315441
9.05,3360.272,887.60,256.5714,74.84, -,9.315441
9.10,3375.47,887.10,259.5714,74.84, -,9.315441
9.15,3384.592,886.80,253.8571,74.84, -,9.315441
9.20,3396.757,886.40,251.0476,74.84, -,9.315441
9.25,3408.928,886.00,251.1429,74.84, -,9.315441
9.30,3421.104,885.60,251.2381,74.84, -,9.315441
9.35,3430.239,885.30,245.5714,74.84, -,9.315441
9.40,3445.468,884.80,248.5714,74.84, -,9.315441
9.45,3454.609,884.50,242.9048,74.84, -,9.315441
9.50,3466.802,884.10,243,74.84, -,9.334889
9.55,3478.997,883.70,243.0952,74.84, -,9.334889
9.60,3488.147,883.40,240.2857,74.84, -,9.334889
9.65,3500.352,883.00,237.4762,74.84, -,9.334889
9.70,3509.508,882.70,234.6667,74.84, -,9.334889
9.75,3521.721,882.30,231.8571,74.84, -,9.334889
9.80,3530.883,882.00,229,74.84, -,9.334889
9.85,3543.104,881.60,229.0476,74.84, -,9.334889
9.90,3555.327,881.20,229.0952,74.84, -,9.334889
9.95,3564.498,880.90,226.2381,74.84, -,9.334889
10.00,3573.674,880.60,226.3333,74.84, -,9.334889
10.05,3582.85,880.30,220.619,74.84, -,9.334889
10.10,3595.088,879.90,223.619,74.84, -,9.334889
10.15,3604.271,879.60,217.9048,74.84, -,9.334889
10.20,3613.456,879.30,218,74.84, -,9.334889
10.25,3622.643,879.00,215.1905,74.84, -,9.334889
10.30,3631.833,878.70,212.381,74.84, -,9.334889
10.35,3641.025,878.40,209.5238,74.84, -,9.334889
10.40,3653.286,878.00,212.4762,74.84, -,9.334889
10.45,3662.484,877.70,206.7143,74.84, -,9.334889
10.50,3671.685,877.40,206.7619,74.84, -,9.334889
10.55,3680.89,877.10,203.9048,74.84, -,9.334889
10.60,3690.095,876.80,201.0476,74.84, -,9.334889
10.65,3696.235,876.60,198.1905,74.84, -,9.334889
10.70,3708.514,876.20,198.2857,74.84, -,9.334889
10.75,3717.728,875.90,198.3333,74.84, -,9.334889
10.80,3726.946,875.60,195.4762,74.84, -,9.334889
10.85,3733.09,875.40,192.619,74.84, -,9.334889
10.90,3742.312,875.10,189.7619,74.84, -,9.334889
10.95,3751.534,874.80,186.9048,74.84, -,9.334889
11.00,3760.76,874.50,187,74.84, -,9.334889
11.05,3766.912,874.30,184.0952,74.84, -,9.334889
11.10,3779.218,873.90,187.0476,74.84, -,9.334889
11.15,3785.374,873.70,181.2381,74.84, -,9.334889
11.20,3794.608,873.40,181.2857,74.84, -,9.334889
11.25,3803.847,873.10,181.3333,74.84, -,9.334889
11.30,3810.006,872.90,178.4286,74.84, -,9.334889
11.35,3816.167,872.70,175.5238,74.84, -,9.334889
11.40,3825.41,872.40,175.5714,74.84, -,9.334889
11.45,3834.658,872.10,172.7143,74.84, -,9.334889
11.50,3840.822,871.90,169.8095,74.84, -,9.334889
11.55,3850.074,871.60,169.8571,74.84, -,9.334889
11.60,3856.241,871.40,166.9524,74.84, -,9.334889
11.65,3865.498,871.10,167,74.84, -,9.334889
11.70,3871.667,870.90,167,74.84, -,9.334889
11.75,3880.928,870.60,164.0952,74.84, -,9.334889
11.80,3887.101,870.40,161.1905,74.84, -,9.334889
11.85,3893.276,870.20,158.3333,74.84, -,9.334889
11.90,3902.541,869.90,161.2857,74.84, -,9.334889
11.95,3908.72,869.70,158.4286,74.84, -,9.334889
12.00,3914.899,869.50,155.5714,74.84, -,9.334889
12.05,3921.08,869.30,152.6667,74.84, -,9.334889
12.10,3930.353,869.00,155.619,74.84, -,9.334889
12.15,3936.537,868.80,149.8095,74.84, -,9.334889
12.20,3942.721,868.60,149.8571,74.84, -,9.334889
12.25,3948.906,868.40,146.9524,74.84, -,9.334889
12.30,3955.093,868.20,144.0476,74.84, -,9.334889
12.35,3961.281,868.00,144.0952,74.84, -,9.334889
12.40,3967.471,867.80,144.1429,74.84, -,9.334889
12.45,3973.661,867.60,141.2381,74.84, -,9.334889
12.50,3979.851,867.40,138.3333,74.84, -,9.334889
12.55,3986.044,867.20,138.381,74.84, -,9.315441
12.60,3992.239,867.00,135.4762,74.84, -,9.315441
12.65,3998.434,866.80,135.5238,74.84, -,9.315441
12.70,4004.63,866.60,132.619,74.84, -,9.315441
12.75,4010.826,866.40,132.6667,74.84, -,9.315441
12.80,4017.025,866.20,129.7619,74.84, -,9.315441
12.85,4020.125,866.10,126.8571,74.84, -,9.315441
12.90,4026.324,865.90,126.8571,74.84, -,9.315441
12.95,4029.426,865.80,121,74.84, -,9.315441
13.00,4035.628,865.60,121,74.84, -,9.315441
13.05,4041.83,865.40,121,74.84, -,9.315441
13.10,4048.034,865.20,121,74.84, -,9.315441
13.15,4051.138,865.10,115.1429,74.84, -,9.315441
13.20,4057.342,864.90,115.1429,74.84, -,9.315441
13.25,4063.55,864.70,115.1429,74.84, -,9.315441
13.30,4066.655,864.60,112.1905,74.84, -,9.315441
13.35,4072.862,864.40,112.1905,74.84, -,9.315441
13.40,4075.968,864.30,109.2381,74.84, -,9.315441
13.45,4082.179,864.10,109.2381,74.84, -,9.315441
13.50,4085.284,864.00,106.2857,74.84, -,9.315441
13.55,4091.497,863.80,106.2857,74.84, -,9.315441
13.60,4094.603,863.70,103.3333,74.84, -,9.315441
13.65,4097.711,863.60,100.381,74.84, -,9.315441
13.70,4103.924,863.40,100.381,74.84, -,9.315441
13.75,4107.033,863.30,97.42857,74.84, -,9.315441
13.80,4110.14,863.20,94.47619,74.84, -,9.315441
13.85,4113.25,863.10,91.52381,74.84, -,9.315441
13.90,4116.357,863.00,91.52381,74.84, -,9.315441
13.95,4119.466,862.90,88.57143,74.84, -,9.315441
14.00,4125.685,862.70,91.52381,74.84, -,9.315441
14.05,4128.796,862.60,88.57143,74.84, -,9.315441
14.10,4135.015,862.40,88.57143,74.84, -,9.315441
14.15,4135.015,862.40,82.66666,74.84, -,9.315441
14.20,4138.126,862.30,82.66666,74.84, -,9.315441
14.25,4141.237,862.20,79.71429,74.84, -,9.315441
14.30,4144.349,862.10,76.7619,74.84, -,9.315441
14.35,4147.46,862.00,76.7619,74.84, -,9.315441
14.40,4150.571,861.90,73.80952,74.84, -,9.315441
14.45,4153.685,861.80,73.80952,74.84, -,9.315441
14.50,4156.796,861.70,70.85714,74.84, -,9.315441
14.55,4159.91,861.60,70.85714,74.84, -,9.315441
14.60,4163.022,861.50,67.90476,74.84, -,9.315441
14.65,4166.135,861.40,67.90476,74.84, -,9.315441
14.70,4166.135,861.40,64.95238,74.84, -,9.315441
14.75,4169.25,861.30,62,74.84, -,9.315441
14.80,4172.363,861.20,62,74.84, -,9.315441
14.85,4175.478,861.10,62,74.84, -,9.315441
14.90,4175.478,861.10,59.04762,74.84, -,9.315441
14.95,4178.592,861.00,59.04762,74.84, -,9.315441
15.00,4181.706,860.90,59.04762,74.84, -,9.315441
15.05,4181.706,860.90,53.14286,74.84, -,9.315441
15.10,4184.822,860.80,53.14286,74.84, -,9.315441
15.15,4184.822,860.80,47.23809,74.84, -,9.315441
15.20,4187.937,860.70,50.19048,74.84, -,9.315441
15.25,4187.937,860.70,47.23809,74.84, -,9.315441
15.30,4191.053,860.60,47.23809,74.84, -,9.315441
15.35,4194.168,860.50,47.23809,74.84, -,9.315441
15.40,4194.168,860.50,44.28571,74.84, -,9.315441
15.45,4194.168,860.50,41.33333,74.84, -,9.315441
15.50,4197.284,860.40,41.33333,74.84, -,9.334889
15.55,4197.284,860.40,38.38095,74.84, -,9.334889
15.60,4197.284,860.40,35.42857,74.84, -,9.334889
15.65,4197.284,860.40,32.47619,74.84, -,9.334889
15.70,4200.402,860.30,32.47619,74.84, -,9.334889
15.75,4200.402,860.30,32.47619,74.84, -,9.334889
15.80,4200.402,860.30,29.52381,74.84, -,9.334889
15.85,4200.402,860.30,26.57143,74.84, -,9.334889
15.90,4203.518,860.20,26.57143,74.84, -,9.334889
15.95,4203.518,860.20,26.57143,74.84, -,9.334889
16.00,4203.518,860.20,23.61905,74.84, -,9.334889
16.05,4203.518,860.20,20.66667,74.84, -,9.334889
16.10,4203.518,860.20,20.66667,74.84, -,9.334889
16.15,4203.518,860.20,17.71428,74.84, -,9.334889
16.20,4203.518,860.20,17.71428,74.84, Drogue,9.334889
16.25,4203.518,860.20,14.7619,74.84, -,9.334889
16.30,4159.91,861.60,-26.76191,74.84, -,9.334889
16.35,3964.375,867.90,-215.9524,74.84, -,9.334889
16.40,4097.711,863.60,-91.90476,74.84, -,9.334889
16.45,4237.824,859.10,41.52381,74.84, -,9.334889
16.50,4234.702,859.20,38.57143,74.84, -,9.334889
16.55,4234.702,859.20,35.61905,74.84, -,9.334889
16.60,4237.824,859.10,38.57143,74.84, -,9.334889
16.65,4234.702,859.20,35.61905,74.84, -,9.334889
16.70,4234.702,859.20,35.61905,74.84, -,9.334889
16.75,4234.702,859.20,32.66667,74.84, -,9.334889
16.80,4234.702,859.20,32.66667,74.84, -,9.334889
16.85,4234.702,859.20,32.66667,74.84, -,9.334889
16.90,4234.702,859.20,32.66667,74.84, -,9.334889
16.95,4234.702,859.20,29.71428,74.84, -,9.334889
17.00,4231.583,859.30,26.76191,74.84, -,9.334889
17.05,4231.583,859.30,26.76191,74.84, -,9.334889
17.10,4228.463,859.40,23.80952,74.84, -,9.334889
17.15,4228.463,859.40,23.80952,74.84, -,9.334889
17.20,4228.463,859.40,23.80952,74.84, -,9.334889
17.25,4228.463,859.40,23.80952,74.84, -,9.334889
17.30,4225.344,859.50,20.85714,74.84, -,9.334889
17.35,4225.344,859.50,62.38095,74.84, -,9.334889
17.40,4225.344,859.50,248.619,74.84, -,9.334889
17.45,4225.344,859.50,121.619,74.84, -,9.334889
17.50,4228.463,859.40,-8.857142,74.84, -,9.334889
17.55,4228.463,859.40,-5.904762,74.84, -,9.334889
17.60,4228.463,859.40,-5.904762,74.84, -,9.334889
17.65,4225.344,859.50,-11.80952,74.84, -,9.334889
17.70,4225.344,859.50,-8.857142,74.84, -,9.334889
17.75,4228.463,859.40,-5.904762,74.84, -,9.334889
17.80,4225.344,859.50,-8.857142,74.84, -,9.334889
17.85,4222.226,859.60,-11.80952,74.84, -,9.334889
17.90,4212.87,859.90,-20.71428,74.84, -,9.334889
17.95,4203.518,860.20,-29.61905,74.84, -,9.334889
18.00,4197.284,860.40,-35.57143,74.84, -,9.334889
18.05,4200.402,860.30,-29.66667,74.84, -,9.334889
18.10,4206.636,860.10,-23.71428,74.84, -,9.334889
18.15,4215.989,859.80,-11.85714,74.84, -,9.334889
18.20,4222.226,859.60,-5.904762,74.84, -,9.334889
18.25,4231.583,859.30,3,74.84, -,9.334889
18.30,4244.063,858.90,14.90476,74.84, -,9.334889
18.35,4250.306,858.70,23.80952,74.84, -,9.334889
18.40,4250.306,858.70,23.80952,74.84, -,9.334889
18.45,4240.943,859.00,14.90476,74.84, -,9.334889
18.50,4244.063,858.90,17.85714,74.84, -,9.334889
18.55,4247.185,858.80,17.85714,74.84, -,9.334889
18.60,4244.063,858.90,14.90476,74.84, -,9.334889
18.65,4234.702,859.20,6,74.84, -,9.334889
18.70,4219.106,859.70,-5.904762,74.84, -,9.334889
18.75,4209.753,860.00,-14.80952,74.84, -,9.334889
18.80,4206.636,860.10,-20.71428,74.84, -,9.334889
18.85,4209.753,860.00,-14.80952,74.84, -,9.334889
18.90,4215.989,859.80,-5.904762,74.84, -,9.334889
18.95,4206.636,860.10,-5.904762,74.84, -,9.334889
19.00,4175.478,861.10,-26.66667,74.84, -,9.334889
19.05,4147.46,862.00,-47.38095,74.84, -,9.334889
19.10,4144.349,862.10,-53.28571,74.84, -,9.334889
19.15,4147.46,862.00,-56.28571,74.84, -,9.334889
19.20,4141.237,862.20,-71.09524,74.84, -,9.334889
19.25,4141.237,862.20,-77.04762,74.84, -,9.334889
19.30,4144.349,862.10,-83,74.84, -,9.334889
19.35,4150.571,861.90,-89,74.84, -,9.334889
19.40,4156.796,861.70,-89.04762,74.84, -,9.334889
19.45,4159.91,861.60,-86.09524,74.84, -,9.334889
19.50,4150.571,861.90,-86.09524,74.84, -,9.334889
19.55,4147.46,862.00,-92,74.84, -,9.334889
19.60,4153.685,861.80,-89.04762,74.84, -,9.334889
19.65,4147.46,862.00,-92,74.84, -,9.334889
19.70,4144.349,862.10,-86.04762,74.84, -,9.334889
19.75,4131.905,862.50,-83.04762,74.84, -,9.334889
19.80,4119.466,862.90,-86,74.84, -,9.334889
19.85,4113.25,863.10,-88.95238,74.84, -,9.334889
19.90,4103.924,863.40,-100.8095,74.84, -,9.334889
19.95,4097.711,863.60,-112.6667,74.84, -,9.334889
20.00,4094.603,863.70,-106.7143,74.84, -,9.334889
20.05,4091.497,863.80,-80,74.84, -,9.334889
20.10,4085.284,864.00,-59.23809,74.84, -,9.334889
20.15,4082.179,864.10,-59.23809,74.84, -,9.334889
20.20,4075.968,864.30,-68.09524,74.84, -,9.334889
20.25,4072.862,864.40,-65.14286,74.84, -,9.334889
20.30,4079.073,864.20,-59.23809,74.84, -,9.334889
20.35,4075.968,864.30,-65.14286,74.84, -,9.334889
20.40,4079.073,864.20,-68.09524,74.84, -,9.334889
20.45,4079.073,864.20,-74,74.84, -,9.334889
20.50,4079.073,864.20,-76.95238,74.84, -,9.334889
20.55,4082.179,864.10,-65.09524,74.84, -,9.354337
20.60,4082.179,864.10,-62.14286,74.84, -,9.354337
20.65,4079.073,864.20,-71,74.84, -,9.354337
20.70,4072.862,864.40,-71,74.84, -,9.354337
20.75,4069.758,864.50,-71,74.84, -,9.354337
20.80,4069.758,864.50,-59.14286,74.84, -,9.354337
20.85,4079.073,864.20,-38.42857,74.84, -,9.354337
20.90,4085.284,864.00,-26.61905,74.84, -,9.354337
20.95,4082.179,864.10,-20.66667,74.84, -,9.354337
21.00,4075.968,864.30,-20.66667,74.84, -,9.354337
21.05,4072.862,864.40,-20.66667,74.84, -,9.354337
21.10,4060.447,864.80,-29.52381,74.84, -,9.354337
21.15,4044.933,865.30,-38.38095,74.84, -,9.354337
21.20,4035.628,865.60,-44.28571,74.84, -,9.354337
21.25,4023.225,866.00,-50.19048,74.84, -,9.354337
21.30,4010.826,866.40,-59.04762,74.84, -,9.354337
21.35,4013.926,866.30,-62,74.84, -,9.354337
21.40,4010.826,866.40,-62,74.84, -,9.354337
21.45,4013.926,866.30,-62,74.84, -,9.354337
21.50,4013.926,866.30,-62,74.66, -,9.334889
21.55,4004.63,866.60,-70.85714,74.66, -,9.334889
21.60,4001.531,866.70,-76.7619,74.66, -,9.334889
21.65,4004.63,866.60,-73.80952,74.66, -,9.334889
21.70,4007.728,866.50,-67.90476,74.66, -,9.334889
21.75,4007.728,866.50,-62,74.66, -,9.334889
21.80,4007.728,866.50,-59.04762,74.66, -,9.334889
21.85,4001.531,866.70,-64.95238,74.66, -,9.334889
21.90,3992.239,867.00,-82.66666,74.66, -,9.334889
21.95,3992.239,867.00,-88.57143,74.66, -,9.334889
22.00,3986.044,867.20,-91.52381,74.66, -,9.334889
22.05,3979.851,867.40,-91.52381,74.66, -,9.334889
22.10,3973.661,867.60,-94.47619,74.66, -,9.334889
22.15,3961.281,868.00,-94.47619,74.66, -,9.334889
22.20,3942.721,868.60,-97.38095,74.66, -,9.334889
22.25,3933.444,868.90,-97.38095,74.66, -,9.334889
22.30,3924.17,869.20,-94.38095,74.66, -,9.334889
22.35,3917.989,869.40,-88.47619,74.66, -,9.334889
22.40,3914.899,869.50,-94.38095,74.66, -,9.334889
22.45,3914.899,869.50,-91.42857,74.66, -,9.334889
22.50,3914.899,869.50,-94.38095,74.66, -,9.334889
22.55,3917.989,869.40,-91.42857,74.66, -,9.334889
22.60,3927.262,869.10,-73.7619,74.66, -,9.334889
22.65,3927.262,869.10,-70.80952,74.66, -,9.334889
22.70,3914.899,869.50,-85.52381,74.66, -,9.334889
22.75,3905.631,869.80,-97.28571,74.66, -,9.334889
22.80,3905.631,869.80,-97.28571,74.66, -,9.334889
22.85,3905.631,869.80,-97.28571,74.66, -,9.334889
22.90,3905.631,869.80,-91.38095,74.66, -,9.334889
22.95,3908.72,869.70,-79.57143,74.66, -,9.334889
23.00,3899.453,870.00,-88.38095,74.66, -,9.334889
23.05,3899.453,870.00,-82.47619,74.66, -,9.334889
23.10,3899.453,870.00,-76.57143,74.66, -,9.334889
23.15,3890.189,870.30,-79.47619,74.66, -,9.334889
23.20,3871.667,870.90,-85.28571,74.66, -,9.334889
23.25,3862.411,871.20,-76.42857,74.66, -,9.334889
23.30,3846.989,871.70,-82.2381,74.66, -,9.334889
23.35,3837.74,872.00,-82.2381,74.66, -,9.334889
23.40,3831.575,872.20,-82.19048,74.66, -,9.334889
23.45,3828.493,872.30,-82.19048,74.66, -,9.334889
23.50,3831.575,872.20,-79.2381,74.66, -,9.334889
23.55,3825.41,872.40,-85.09524,74.66, -,9.334889
23.60,3810.006,872.90,-102.7143,74.66, -,9.334889
23.65,3794.608,873.40,-126.1905,74.66, -,9.334889
23.70,3791.531,873.50,-129.1429,74.66, -,9.334889
23.75,3794.608,873.40,-114.4286,74.66, -,9.334889
23.80,3803.847,873.10,-96.80952,74.66, -,9.334889
23.85,3816.167,872.70,-85.09524,74.66, -,9.334889
23.90,3822.33,872.50,-79.2381,74.66, -,9.334889
23.95,3828.493,872.30,-73.38095,74.66, -,9.334889
24.00,3816.167,872.70,-88.09524,74.66, -,9.334889
24.05,3806.927,873.00,-88.09524,74.66, -,9.334889
24.10,3813.087,872.80,-82.2381,74.66, -,9.334889
24.15,3816.167,872.70,-79.28571,74.66, -,9.334889
24.20,3828.493,872.30,-58.71429,74.66, -,9.334889
24.25,3840.822,871.90,-29.33333,74.66, -,9.334889
24.30,3840.822,871.90,-20.52381,74.66, -,9.334889
24.35,3828.493,872.30,-17.61905,74.66, -,9.334889
24.40,3816.167,872.70,-20.57143,74.66, -,9.334889
24.45,3797.688,873.30,-32.33333,74.66, -,9.334889
24.50,3766.912,874.30,-58.71429,74.66, -,9.334889
24.55,3751.534,874.80,-76.33334,74.66, -,9.354337
24.60,3742.312,875.10,-79.2381,74.66, -,9.354337
24.65,3745.385,875.00,-61.66667,74.66, -,9.354337
24.70,3748.459,874.90,-44.09524,74.66, -,9.354337
24.75,3745.385,875.00,-44.04762,74.66, -,9.354337
24.80,3733.09,875.40,-58.71429,74.66, -,9.354337
24.85,3723.872,875.70,-76.28571,74.66, -,9.354337
24.90,3714.657,876.00,-96.7619,74.66, -,9.354337
24.95,3705.445,876.30,-111.381,74.66, -,9.354337
25.00,3696.235,876.60,-126,74.66, -,9.354337
25.05,3687.025,876.90,-123,74.66, -,9.354337
25.10,3677.821,877.20,-122.9524,74.66, -,9.354337
25.15,3674.753,877.30,-131.7143,74.66, -,9.354337
25.20,3668.618,877.50,-140.5238,74.66, -,9.354337
25.25,3662.484,877.70,-158.1429,74.66, -,9.354337
25.30,3659.418,877.80,-172.8095,74.66, -,9.354337
25.35,3653.286,878.00,-178.6667,74.66, -,9.354337
25.40,3647.155,878.20,-172.7619,74.66, -,9.354337
25.45,3644.091,878.30,-163.9048,74.66, -,9.354337
25.50,3644.091,878.30,-146.2857,74.66, -,9.334889
25.55,3647.155,878.20,-114.0476,74.66, -,9.334889
25.60,3656.351,877.90,-90.61905,74.66, -,9.334889
25.65,3659.418,877.80,-78.95238,74.66, -,9.334889
25.70,3668.618,877.50,-73.09524,74.66, -,9.334889
25.75,3668.618,877.50,-76,74.66, -,9.334889
25.80,3659.418,877.80,-81.85714,74.66, -,9.334889
25.85,3647.155,878.20,-81.80952,74.66, -,9.334889
25.90,3634.897,878.60,-84.71429,74.66, -,9.334889
25.95,3622.643,879.00,-87.61905,74.66, -,9.334889
26.00,3622.643,879.00,-78.85714,74.66, -,9.334889
26.05,3619.581,879.10,-73,74.66, -,9.334889
26.10,3616.517,879.20,-67.14286,74.66, -,9.334889
26.15,3607.332,879.50,-67.14286,74.66, -,9.334889
26.20,3601.209,879.70,-70.04762,74.66, -,9.334889
26.25,3585.908,880.20,-78.7619,74.66, -,9.334889
26.30,3570.614,880.70,-87.47619,74.66, -,9.334889
26.35,3570.614,880.70,-84.57143,74.66, -,9.334889
26.40,3567.557,880.80,-81.61905,74.66, -,9.334889
26.45,3564.498,880.90,-78.66666,74.66, -,9.334889
26.50,3564.498,880.90,-75.7619,74.66, -,9.334889
26.55,3564.498,880.90,-75.7619,74.66, -,9.334889
26.60,3564.498,880.90,-78.66666,74.66, -,9.334889
26.65,3564.498,880.90,-87.42857,74.66, -,9.334889
26.70,3564.498,880.90,-90.33334,74.66, -,9.334889
26.75,3564.498,880.90,-99.09524,74.66, -,9.334889
26.80,3555.327,881.20,-107.8095,74.66, -,9.334889
26.85,3552.271,881.30,-101.9524,74.66, -,9.334889
26.90,3558.385,881.10,-84.47619,74.66, -,9.334889
26.95,3558.385,881.10,-72.80952,74.66, -,9.334889
27.00,3558.385,881.10,-61.14286,74.66, -,9.334889
27.05,3552.271,881.30,-66.95238,74.66, -,9.334889
27.10,3546.159,881.50,-69.85714,74.66, -,9.334889
27.15,3546.159,881.50,-66.95238,74.66, -,9.334889
27.20,3546.159,881.50,-58.19048,74.66, -,9.334889
27.25,3543.104,881.60,-55.28571,74.66, -,9.334889
27.30,3546.159,881.50,-37.80952,74.66, -,9.334889
27.35,3549.214,881.40,-20.33333,74.66, -,9.334889
27.40,3549.214,881.40,-20.33333,74.66, -,9.334889
27.45,3533.937,881.90,-32,74.66, -,9.334889
27.50,3521.721,882.30,-40.71429,74.66, -,9.334889
27.55,3521.721,882.30,-40.71429,74.66, -,9.334889
27.60,3515.614,882.50,-46.52381,74.66, -,9.334889
27.65,3497.302,883.10,-63.95238,74.66, -,9.334889
27.70,3482.048,883.60,-78.47619,74.66, -,9.334889
27.75,3482.048,883.60,-78.47619,74.66, -,9.334889
27.80,3466.802,884.10,-93,74.66, -,9.334889
27.85,3457.656,884.40,-93,74.66, -,9.334889
27.90,3454.609,884.50,-93,74.66, -,9.334889
27.95,3451.563,884.60,-101.7143,74.66, -,9.334889
28.00,3442.421,884.90,-110.4286,74.66, -,9.334889
28.05,3433.283,885.20,-119.1429,74.66, -,9.334889
28.10,3433.283,885.20,-113.3333,74.66, -,9.334889
28.15,3424.148,885.50,-116.2381,74.66, -,9.334889
28.20,3421.104,885.60,-119.1429,74.66, -,9.334889
28.25,3421.104,885.60,-119.1429,74.66, -,9.334889
28.30,3415.016,885.80,-122.0476,74.66, -,9.334889
28.35,3408.928,886.00,-130.7619,74.66, -,9.334889
28.40,3415.016,885.80,-127.8571,74.66, -,9.334889
28.45,3418.059,885.70,-124.9524,74.66, -,9.334889
28.50,3427.192,885.40,-101.6667,74.66, -,9.334889
28.55,3427.192,885.40,-90.04762,74.48, -,9.334889
28.60,3421.104,885.60,-95.85714,74.48, -,9.334889
28.65,3424.148,885.50,-87.14286,74.48, -,9.334889
28.70,3424.148,885.50,-69.71429,74.48, -,9.334889
28.75,3415.016,885.80,-63.90476,74.48, -,9.334889
28.80,3402.842,886.20,-75.47619,74.48, -,9.334889
28.85,3387.632,886.70,-75.42857,74.48, -,9.334889
28.90,3375.47,887.10,-78.28571,74.48, -,9.334889
28.95,3363.311,887.50,-86.95238,74.48, -,9.334889
29.00,3360.272,887.60,-86.95238,74.48, -,9.334889
29.05,3360.272,887.60,-78.2381,74.48, -,9.334889
29.10,3354.195,887.80,-75.33334,74.48, -,9.334889
29.15,3342.043,888.20,-86.90476,74.48, -,9.334889
29.20,3342.043,888.20,-78.19048,74.48, -,9.334889
29.25,3342.043,888.20,-75.28571,74.48, -,9.334889
29.30,3342.043,888.20,-75.28571,74.48, -,9.334889
29.35,3332.933,888.50,-78.14286,74.48, -,9.334889
29.40,3342.043,888.20,-63.66667,74.48, -,9.334889
29.45,3357.232,887.70,-55,74.48, -,9.334889
29.50,3351.156,887.90,-63.71429,74.48, -,9.334889
29.55,3348.118,888.00,-75.33334,74.48, -,9.334889
29.60,3335.969,888.40,-86.90476,74.48, -,9.334889
29.65,3335.969,888.40,-81.09524,74.48, -,9.334889
29.70,3326.861,888.70,-92.66666,74.48, -,9.334889
29.75,3317.755,889.00,-101.3333,74.48, -,9.334889
29.80,3311.685,889.20,-98.38095,74.48, -,9.334889
29.85,3305.616,889.40,-92.57143,74.48, -,9.334889
29.90,3290.451,889.90,-92.52381,74.48, -,9.334889
29.95,3284.388,890.10,-86.71429,74.48, -,9.334889
30.00,3281.355,890.20,-78.04762,74.48, -,9.334889
30.05,3287.419,890.00,-69.38095,74.48, -,9.334889
30.10,3290.451,889.90,-66.47619,74.48, -,9.334889
30.15,3293.484,889.80,-57.76191,74.48, -,9.334889
30.20,3290.451,889.90,-49.09524,74.48, -,9.334889
30.25,3278.324,890.30,-60.66667,74.48, -,9.334889
30.30,3272.261,890.50,-66.42857,74.48, -,9.334889
30.35,3272.261,890.50,-66.42857,74.48, -,9.334889
30.40,3269.231,890.60,-60.66667,74.48, -,9.334889
30.45,3257.111,891.00,-80.85714,74.48, -,9.334889
30.50,3248.024,891.30,-104,74.48, -,9.334889
30.55,3238.94,891.60,-106.8571,74.48, -,9.334889
30.60,3217.751,892.30,-124.1429,74.48, -,9.334889
30.65,3208.676,892.60,-121.2381,74.48, -,9.334889
30.70,3205.649,892.70,-124.1429,74.48, -,9.334889
30.75,3205.649,892.70,-115.4762,74.48, -,9.334889
30.80,3205.649,892.70,-106.8095,74.48, -,9.334889
30.85,3208.676,892.60,-98.14286,74.48, -,9.334889
30.90,3211.7,892.50,-89.52381,74.48, -,9.334889
30.95,3211.7,892.50,-75.09524,74.48, -,9.334889
31.00,3217.751,892.30,-63.57143,74.48, -,9.334889
31.05,3217.751,892.30,-60.66667,74.48, -,9.334889
31.10,3208.676,892.60,-75.09524,74.48, -,9.334889
31.15,3208.676,892.60,-78,74.48, -,9.334889
31.20,3208.676,892.60,-80.90476,74.48, -,9.334889
31.25,3193.554,893.10,-92.38095,74.48, -,9.334889
31.30,3187.507,893.30,-86.57143,74.48, -,9.334889
31.35,3184.482,893.40,-83.66666,74.48, -,9.334889
31.40,3184.482,893.40,-83.66666,74.48, -,9.334889
31.45,3190.529,893.20,-75,74.48, -,9.334889
31.50,3190.529,893.20,-63.47619,74.48, -,9.334889
31.55,3184.482,893.40,-60.57143,74.48, -,9.334889
31.60,3172.394,893.80,-63.42857,74.48, -,9.334889
31.65,3166.351,894.00,-49,74.48, -,9.334889
31.70,3148.229,894.60,-57.57143,74.48, -,9.334889
31.75,3136.153,895.00,-66.19048,74.48, -,9.334889
31.80,3130.116,895.20,-71.95238,74.48, -,9.334889
31.85,3121.063,895.50,-80.57143,74.48, -,9.334889
31.90,3118.047,895.60,-86.33334,74.48, -,9.334889
31.95,3112.014,895.80,-94.95238,74.48, -,9.334889
32.00,3102.967,896.10,-103.5714,74.48, -,9.334889
32.05,3096.936,896.30,-115.0952,74.48, -,9.334889
32.10,3096.936,896.30,-115.0952,74.48, -,9.334889
32.15,3093.92,896.40,-109.2857,74.48, -,9.334889
32.20,3081.865,896.80,-120.7619,74.48, -,9.334889
32.25,3069.812,897.20,-132.2381,74.48, -,9.334889
32.30,3063.787,897.40,-123.5714,74.48, -,9.334889
32.35,3063.787,897.40,-117.8095,74.48, -,9.334889
32.40,3066.8,897.30,-112.0952,74.48, -,9.334889
32.45,3072.825,897.10,-106.3333,74.48, -,9.334889
32.50,3084.877,896.70,-100.619,74.48, -,9.334889
32.55,3090.906,896.50,-94.85714,74.3, -,9.354337
32.60,3090.906,896.50,-89.09524,74.3, -,9.354337
32.65,3093.92,896.40,-74.71429,74.3, -,9.354337
32.70,3093.92,896.40,-68.95238,74.3, -,9.354337
32.75,3084.877,896.70,-60.33333,74.3, -,9.354337
32.80,3069.812,897.20,-63.14286,74.3, -,9.354337
32.85,3066.8,897.30,-60.23809,74.3, -,9.354337
32.90,3057.765,897.60,-60.23809,74.3, -,9.354337
32.95,3051.742,897.80,-63.09524,74.3, -,9.354337
33.00,3048.73,897.90,-60.19048,74.3, -,9.354337
33.05,3045.721,898.00,-54.42857,74.3, -,9.354337
33.10,3042.711,898.10,-51.52381,74.3, -,9.354337
33.15,3039.7,898.20,-54.38095,74.3, -,9.354337
33.20,3033.681,898.40,-57.23809,74.3, -,9.354337
33.25,3027.665,898.60,-51.47619,74.3, -,9.354337
33.30,3027.665,898.60,-40,74.3, -,9.354337
33.35,3027.665,898.60,-34.28571,74.3, -,9.354337
33.40,3021.647,898.80,-40,74.3, -,9.354337
33.45,3015.631,899.00,-48.57143,74.3, -,9.354337
33.50,3015.631,899.00,-54.33333,74.3, -,9.334889
33.55,3021.647,898.80,-60.09524,74.3, -,9.334889
33.60,3012.625,899.10,-74.42857,74.3, -,9.334889
33.65,3003.602,899.40,-83,74.3, -,9.334889
33.70,2997.591,899.60,-91.57143,74.3, -,9.334889
33.75,2994.584,899.70,-94.42857,74.3, -,9.334889
33.80,2985.569,900.00,-94.38095,74.3, -,9.334889
33.85,2979.559,900.20,-85.7619,74.3, -,9.334889
33.90,2967.545,900.60,-94.33334,74.3, -,9.334889
33.95,2949.529,901.20,-102.8571,74.3, -,9.334889
34.00,2937.526,901.60,-108.5714,74.3, -,9.334889
34.05,2922.526,902.10,-120,74.3, -,9.334889
34.10,2916.528,902.30,-122.8571,74.3, -,9.334889
34.15,2913.528,902.40,-122.8571,74.3, -,9.334889
34.20,2910.531,902.50,-122.8571,74.3, -,9.334889
34.25,2901.538,902.80,-125.7143,74.3, -,9.334889
34.30,2895.543,903.00,-125.7143,74.3, -,9.334889
34.35,2895.543,903.00,-125.7143,74.3, -,9.334889
34.40,2907.533,902.60,-114.2857,74.3, -,9.334889
34.45,2919.526,902.20,-97.14286,74.3, -,9.334889
34.50,2928.524,901.90,-82.85714,74.3, -,9.334889
34.55,2925.525,902.00,-85.71429,74.3, -,9.334889
34.60,2919.526,902.20,-97.14286,74.3, -,9.334889
34.65,2898.54,902.90,-108.5714,74.3, -,9.334889
34.70,2889.55,903.20,-108.5714,74.3, -,9.334889
34.75,2877.568,903.60,-114.2857,74.3, -,9.334889
34.80,2871.578,903.80,-117.1429,74.3, -,9.334889
34.85,2862.595,904.10,-117.1429,74.3, -,9.334889
34.90,2856.608,904.30,-117.1429,74.3, -,9.334889
34.95,2847.629,904.60,-114.2857,74.3, -,9.334889
35.00,2838.652,904.90,-105.7143,74.3, -,9.334889
35.05,2835.661,905.00,-97.14286,74.3, -,9.334889
35.10,2835.661,905.00,-82.85714,74.3, -,9.334889
35.15,2835.661,905.00,-77.14286,74.3, -,9.334889
35.20,2838.652,904.90,-71.42857,74.3, -,9.334889
35.25,2841.645,904.80,-65.71429,74.3, -,9.334889
35.30,2844.636,904.70,-54.28571,74.3, -,9.334889
35.35,2850.621,904.50,-42.85714,74.3, -,9.334889
35.40,2850.621,904.50,-42.85714,74.3, -,9.334889
35.45,2853.614,904.40,-51.42857,74.3, -,9.334889
35.50,2847.629,904.60,-68.57143,74.3, -,9.354337
35.55,2841.645,904.80,-82.85714,74.3, -,9.354337
35.60,2841.645,904.80,-80,74.3, -,9.354337
35.65,2841.645,904.80,-74.28571,74.3, -,9.354337
35.70,2838.652,904.90,-57.14286,74.3, -,9.354337
35.75,2838.652,904.90,-48.57143,74.3, -,9.354337
35.80,2838.652,904.90,-37.14286,74.3, -,9.354337
35.85,2832.67,905.10,-37.14286,74.3, -,9.354337
35.90,2808.748,905.90,-51.33333,74.3, -,9.354337
35.95,2778.871,906.90,-74.09524,74.3, -,9.354337
36.00,2769.913,907.20,-74.04762,74.3, -,9.354337
36.05,2766.928,907.30,-68.33334,74.3, -,9.354337
36.10,2766.928,907.30,-65.47619,74.3, -,9.354337
36.15,2763.942,907.40,-68.33334,74.3, -,9.354337
36.20,2766.928,907.30,-65.47619,74.3, -,9.354337
36.25,2769.913,907.20,-65.47619,74.3, -,9.354337
36.30,2769.913,907.20,-68.33334,74.3, -,9.354337
36.35,2769.913,907.20,-71.19048,74.3, -,9.354337
36.40,2760.958,907.50,-85.42857,74.3, -,9.354337
36.45,2752.005,907.80,-93.95238,74.3, -,9.354337
36.50,2740.071,908.20,-108.1905,74.3, -,9.354337
36.55,2731.124,908.50,-111,74.3, -,9.334889
36.60,2734.105,908.40,-102.4286,74.3, -,9.334889
36.65,2728.143,908.60,-108.0952,74.3, -,9.334889
36.70,2725.16,908.70,-110.9524,74.3, -,9.334889
36.75,2725.16,908.70,-108.0952,74.3, -,9.334889
36.80,2725.16,908.70,-108.0952,74.3, -,9.334889
36.85,2728.143,908.60,-105.2381,74.3, -,9.334889
36.90,2725.16,908.70,-102.381,74.3, -,9.334889
36.95,2719.197,908.90,-85.28571,74.3, -,9.334889
37.00,2704.295,909.40,-71,74.3, -,9.334889
37.05,2683.445,910.10,-82.33334,74.3, -,9.334889
37.10,2671.535,910.50,-90.80952,74.3, -,9.334889
37.15,2671.535,910.50,-90.80952,74.3, -,9.334889
37.20,2674.511,910.40,-85.09524,74.3, -,9.334889
37.25,2674.511,910.40,-87.95238,74.3, -,9.334889
37.30,2677.489,910.30,-87.95238,74.3, -,9.334889
37.35,2674.511,910.40,-90.80952,74.3, -,9.334889
37.40,2668.559,910.60,-96.47619,74.3, -,9.334889
37.45,2662.606,910.80,-93.61905,74.3, -,9.334889
37.50,2653.679,911.10,-93.61905,74.12, -,9.334889
37.55,2653.679,911.10,-82.2381,74.12, -,9.334889
37.60,2665.581,910.70,-62.38095,74.12, -,9.334889
37.65,2668.559,910.60,-62.38095,74.12, -,9.334889
37.70,2659.629,910.90,-65.2381,74.12, -,9.334889
37.75,2659.629,910.90,-62.38095,74.12, -,9.334889
37.80,2659.629,910.90,-62.38095,74.12, -,9.334889
37.85,2653.679,911.10,-68.04762,74.12, -,9.334889
37.90,2644.753,911.40,-79.42857,74.12, -,9.334889
37.95,2641.78,911.50,-79.38095,74.12, -,9.334889
38.00,2635.832,911.70,-79.38095,74.12, -,9.334889
38.05,2623.94,912.10,-76.52381,74.12, -,9.334889
38.10,2612.052,912.50,-68,74.12, -,9.334889
38.15,2606.108,912.70,-62.33333,74.12, -,9.334889
38.20,2600.167,912.90,-68,74.12, -,9.334889
38.25,2603.138,912.80,-68.04762,74.12, -,9.334889
38.30,2600.167,912.90,-70.85714,74.12, -,9.334889
38.35,2594.228,913.10,-79.38095,74.12, -,9.334889
38.40,2594.228,913.10,-76.52381,74.12, -,9.334889
38.45,2591.257,913.20,-73.66666,74.12, -,9.334889
38.50,2588.288,913.30,-70.80952,74.12, -,9.334889
38.55,2579.381,913.60,-70.7619,74.12, -,9.334889
38.60,2573.444,913.80,-76.42857,74.12, -,9.334889
38.65,2567.508,914.00,-93.42857,74.12, -,9.334889
38.70,2564.542,914.10,-99.09524,74.12, -,9.334889
38.75,2561.573,914.20,-93.38095,74.12, -,9.334889
38.80,2561.573,914.20,-93.38095,74.12, -,9.334889
38.85,2561.573,914.20,-93.38095,74.12, -,9.334889
38.90,2558.607,914.30,-90.52381,74.12, -,9.334889
38.95,2549.708,914.60,-90.47619,74.12, -,9.334889
39.00,2534.882,915.10,-101.8095,74.12, -,9.334889
39.05,2525.987,915.40,-104.619,74.12, -,9.334889
39.10,2514.135,915.80,-104.5714,74.12, -,9.334889
39.15,2505.248,916.10,-101.7143,74.12, -,9.334889
39.20,2511.171,915.90,-90.42857,74.12, -,9.334889
39.25,2517.097,915.70,-79.09524,74.12, -,9.334889
39.30,2520.062,915.60,-79.09524,74.12, -,9.334889
39.35,2520.062,915.60,-76.28571,74.12, -,9.334889
39.40,2511.171,915.90,-79.09524,74.12, -,9.334889
39.45,2514.135,915.80,-76.28571,74.12, -,9.334889
39.50,2511.171,915.90,-76.28571,74.12, -,9.354337
39.55,2502.285,916.20,-81.95238,74.12, -,9.354337
39.60,2499.324,916.30,-76.28571,74.12, -,9.354337
39.65,2502.285,916.20,-67.80952,74.12, -,9.354337
39.70,2511.171,915.90,-53.66667,74.12, -,9.354337
39.75,2508.209,916.00,-53.66667,74.12, -,9.354337
39.80,2514.135,915.80,-45.19048,74.12, -,9.354337
39.85,2514.135,915.80,-45.19048,74.12, -,9.354337
39.90,2487.479,916.70,-70.57143,74.12, -,9.354337
39.95,2454.93,917.80,-98.7619,74.12, -,9.354337
40.00,2434.233,918.50,-110,74.12, -,9.354337
40.05,2425.367,918.80,-104.2857,74.12, -,9.354337
40.10,2425.367,918.80,-95.80952,74.12, -,9.354337
40.15,2425.367,918.80,-84.52381,74.12, -,9.354337
40.20,2419.457,919.00,-81.66666,74.12, -,9.354337
40.25,2407.641,919.40,-98.52381,74.12, -,9.354337
40.30,2404.688,919.50,-107,74.12, -,9.354337
40.35,2401.736,919.60,-112.619,74.12, -,9.354337
40.40,2398.782,919.70,-115.4286,74.12, -,9.354337
40.45,2395.83,919.80,-109.7619,74.12, -,9.354337
40.50,2386.974,920.10,-121,74.12, -,9.354337
40.55,2381.071,920.30,-123.8095,74.12, -,9.334889
40.60,2372.219,920.60,-123.7619,74.12, -,9.334889
40.65,2366.319,920.80,-126.5714,74.12, -,9.334889
40.70,2363.368,920.90,-132.1905,74.12, -,9.334889
40.75,2369.268,920.70,-135.0476,74.12, -,9.334889
40.80,2378.119,920.40,-123.8095,74.12, -,9.334889
40.85,2389.925,920.00,-118.2381,74.12, -,9.334889
40.90,2398.782,919.70,-109.8095,74.12, -,9.334889
40.95,2392.877,919.90,-90.04762,74.12, -,9.334889
41.00,2395.83,919.80,-56.23809,74.12, -,9.334889
41.05,2392.877,919.90,-39.33333,74.12, -,9.334889
41.10,2398.782,919.70,-25.28572,74.12, -,9.334889
41.15,2407.641,919.40,-16.85714,74.12, -,9.334889
41.20,2392.877,919.90,-30.90476,74.12, -,9.334889
41.25,2375.169,920.50,-42.14286,74.12, -,9.334889
41.30,2375.169,920.50,-30.90476,74.12, -,9.334889
41.35,2369.268,920.70,-33.71429,74.12, -,9.334889
41.40,2354.521,921.20,-44.95238,74.12, -,9.334889
41.45,2339.78,921.70,-56.19048,74.12, -,9.334889
41.50,2319.154,922.40,-73.04762,73.94, -,9.334889
41.55,2307.374,922.80,-75.85714,73.94, -,9.334889
41.60,2301.485,923.00,-75.85714,73.94, -,9.334889
41.65,2292.655,923.30,-75.85714,73.94, -,9.334889
41.70,2298.542,923.10,-64.61905,73.94, -,9.334889
41.75,2298.542,923.10,-61.80952,73.94, -,9.334889
41.80,2301.485,923.00,-64.61905,73.94, -,9.334889
41.85,2301.485,923.00,-73.04762,73.94, -,9.334889
41.90,2292.655,923.30,-92.71429,73.94, -,9.334889
41.95,2283.826,923.60,-109.5714,73.94, -,9.334889
42.00,2272.057,924.00,-115.1429,73.94, -,9.334889
42.05,2263.234,924.30,-126.3333,73.94, -,9.334889
42.10,2251.472,924.70,-134.7143,73.94, -,9.334889
42.15,2248.533,924.80,-143.1429,73.94, -,9.334889
42.20,2251.472,924.70,-148.7619,73.94, -,9.334889
42.25,2254.413,924.60,-131.9048,73.94, -,9.334889
42.30,2257.353,924.50,-112.2381,73.94, -,9.334889
42.35,2257.353,924.50,-112.2381,73.94, -,9.334889
42.40,2254.413,924.60,-109.4286,73.94, -,9.334889
42.45,2251.472,924.70,-98.19048,73.94, -,9.334889
42.50,2245.593,924.90,-89.7619,73.94, -,9.334889
42.55,2236.777,925.20,-78.47619,73.94, -,9.354337
42.60,2222.088,925.70,-81.2381,73.94, -,9.354337
42.65,2204.47,926.30,-92.38095,73.94, -,9.354337
42.70,2195.665,926.60,-92.33334,73.94, -,9.354337
42.75,2192.729,926.70,-100.7619,73.94, -,9.354337
42.80,2198.599,926.50,-95.19048,73.94, -,9.354337
42.85,2207.405,926.20,-89.61905,73.94, -,9.354337
42.90,2213.278,926.00,-84.04762,73.94, -,9.354337
42.95,2225.026,925.60,-64.42857,73.94, -,9.354337
43.00,2233.839,925.30,-47.61905,73.94, -,9.354337
43.05,2230.9,925.40,-39.23809,73.94, -,9.354337
43.10,2216.213,925.90,-44.85714,73.94, -,9.354337
43.15,2213.278,926.00,-36.47619,73.94, -,9.354337
43.20,2207.405,926.20,-39.23809,73.94, -,9.354337
43.25,2201.533,926.40,-47.61905,73.94, -,9.354337
43.30,2186.86,926.90,-64.38095,73.94, -,9.354337
43.35,2178.059,927.20,-75.57143,73.94, -,9.354337
43.40,2163.396,927.70,-89.52381,73.94, -,9.354337
43.45,2151.671,928.10,-97.90476,73.94, -,9.354337
43.50,2142.877,928.40,-103.4762,73.94, -,9.334889
43.55,2137.019,928.60,-103.4286,73.94, -,9.334889
43.60,2131.159,928.80,-100.619,73.94, -,9.334889
43.65,2122.373,929.10,-95,73.94, -,9.334889
43.70,2119.444,929.20,-81.04762,73.94, -,9.334889
43.75,2122.373,929.10,-69.85714,73.94, -,9.334889
43.80,2122.373,929.10,-67.04762,73.94, -,9.334889
43.85,2119.444,929.20,-75.42857,73.94, -,9.334889
43.90,2119.444,929.20,-83.80952,73.94, -,9.334889
43.95,2113.588,929.40,-94.95238,73.94, -,9.334889
44.00,2107.734,929.60,-111.7143,73.94, -,9.334889
44.05,2113.588,929.40,-114.5238,73.94, -,9.334889
44.10,2104.806,929.70,-120.0952,73.94, -,9.334889
44.15,2101.88,929.80,-108.9048,73.94, -,9.334889
44.20,2096.027,930.00,-111.6667,73.94, -,9.334889
44.25,2090.175,930.20,-111.6667,73.94, -,9.334889
44.30,2084.323,930.40,-111.6667,73.94, -,9.334889
44.35,2078.475,930.60,-103.2857,73.94, -,9.334889
44.40,2063.855,931.10,-108.8095,73.94, -,9.334889
44.45,2060.931,931.20,-97.61905,73.94, -,9.334889
44.50,2058.009,931.30,-89.19048,73.94, -,9.334889
44.55,2058.009,931.30,-80.80952,73.76, -,9.354337
44.60,2046.318,931.70,-86.38095,73.76, -,9.354337
44.65,2040.475,931.90,-86.38095,73.76, -,9.354337
44.70,2043.397,931.80,-75.2381,73.76, -,9.354337
44.75,2043.397,931.80,-72.42857,73.76, -,9.354337
44.80,2043.397,931.80,-75.2381,73.76, -,9.354337
44.85,2040.475,931.90,-78,73.76, -,9.354337
44.90,2031.712,932.20,-83.52381,73.76, -,9.354337
44.95,2020.033,932.60,-94.66666,73.76, -,9.354337
45.00,2008.356,933.00,-100.2381,73.76, -,9.354337
45.05,2005.439,933.10,-97.42857,73.76, -,9.354337
45.10,2002.519,933.20,-105.7619,73.76, -,9.354337
45.15,2002.519,933.20,-97.38095,73.76, -,9.354337
45.20,2008.356,933.00,-89,73.76, -,9.354337
45.25,2014.194,932.80,-77.85714,73.76, -,9.354337
45.30,2025.871,932.40,-61.14286,73.76, -,9.354337
45.35,2031.712,932.20,-50,73.76, -,9.354337
45.40,2020.033,932.60,-55.57143,73.76, -,9.354337
45.45,1996.683,933.40,-63.90476,73.76, -,9.354337
45.50,1979.184,934.00,-77.80952,73.76, -,9.354337
45.55,1964.607,934.50,-88.95238,73.76, -,9.354337
45.60,1964.607,934.50,-88.95238,73.76, -,9.354337
45.65,1961.693,934.60,-80.57143,73.76, -,9.354337
45.70,1944.209,935.20,-91.66666,73.76, -,9.354337
45.75,1932.56,935.60,-105.5238,73.76, -,9.354337
45.80,1932.56,935.60,-105.5238,73.76, -,9.354337
45.85,1935.472,935.50,-102.7619,73.76, -,9.354337
45.90,1935.472,935.50,-100,73.76, -,9.354337
45.95,1938.383,935.40,-88.90476,73.76, -,9.354337
46.00,1944.209,935.20,-72.19048,73.76, -,9.354337
46.05,1941.297,935.30,-63.80952,73.76, -,9.354337
46.10,1938.383,935.40,-63.80952,73.76, -,9.354337
46.15,1935.472,935.50,-63.80952,73.76, -,9.354337
46.20,1918.004,936.10,-80.42857,73.76, -,9.354337
46.25,1909.271,936.40,-94.33334,73.76, -,9.354337
46.30,1897.635,936.80,-111,73.76, -,9.354337
46.35,1888.909,937.10,-130.4762,73.76, -,9.354337
46.40,1891.817,937.00,-133.2857,73.76, -,9.354337
46.45,1888.909,937.10,-124.9048,73.76, -,9.354337
46.50,1886,937.20,-105.4286,73.76, -,9.354337
46.55,1868.557,937.80,-105.381,73.94, -,9.334889
46.60,1859.84,938.10,-99.7619,73.94, -,9.334889
46.65,1851.122,938.40,-108.0476,73.94, -,9.334889
46.70,1851.122,938.40,-105.2857,73.94, -,9.334889
46.75,1856.933,938.20,-83.09524,73.94, -,9.334889
46.80,1865.65,937.90,-63.71429,73.94, -,9.334889
46.85,1859.84,938.10,-69.2381,73.94, -,9.334889
46.90,1859.84,938.10,-72,73.94, -,9.334889
46.95,1865.65,937.90,-66.47619,73.94, -,9.334889
47.00,1854.028,938.30,-80.28571,73.94, -,9.334889
47.05,1839.506,938.80,-99.66666,73.94, -,9.334889
47.10,1822.086,939.40,-113.4762,73.94, -,9.334889
47.15,1819.184,939.50,-113.4762,73.94, -,9.334889
47.20,1813.38,939.70,-116.2381,73.94, -,9.334889
47.25,1816.283,939.60,-96.85714,73.94, -,9.334889
47.30,1810.479,939.80,-94.04762,73.94, -,9.334889
47.35,1804.676,940.00,-88.47619,73.94, -,9.334889
47.40,1798.874,940.20,-85.66666,73.94, -,9.334889
47.45,1798.874,940.20,-88.42857,73.94, -,9.334889
47.50,1795.975,940.30,-88.42857,73.76, -,9.354337
47.55,1793.074,940.40,-88.42857,73.76, -,9.354337
47.60,1798.874,940.20,-66.28571,73.76, -,9.354337
47.65,1801.776,940.10,-55.23809,73.76, -,9.354337
47.70,1793.074,940.40,-55.23809,73.76, -,9.354337
47.75,1772.782,941.10,-74.57143,73.76, -,9.354337
47.80,1755.396,941.70,-96.66666,73.76, -,9.354337
47.85,1749.603,941.90,-110.4762,73.76, -,9.354337
47.90,1740.916,942.20,-113.2381,73.76, -,9.354337
47.95,1726.442,942.70,-127,73.76, -,9.354337
48.00,1723.548,942.80,-135.2857,73.76, -,9.354337
48.05,1720.653,942.90,-127,73.76, -,9.354337
48.10,1717.76,943.00,-115.9524,73.76, -,9.354337
48.15,1714.868,943.10,-102.1429,73.76, -,9.354337
48.20,1706.188,943.40,-107.6667,73.76, -,9.354337
48.25,1703.296,943.50,-104.9048,73.76, -,9.354337
48.30,1697.512,943.70,-113.1905,73.76, -,9.354337
48.35,1694.621,943.80,-110.4286,73.76, -,9.354337
48.40,1691.729,943.90,-107.6667,73.76, -,9.354337
48.45,1691.729,943.90,-102.1429,73.76, -,9.354337
48.50,1694.621,943.80,-99.38095,73.76, -,9.354337
48.55,1691.729,943.90,-99.38095,73.58, -,9.354337
48.60,1688.838,944.00,-99.38095,73.58, -,9.354337
48.65,1685.948,944.10,-107.6667,73.58, -,9.354337
48.70,1694.621,943.80,-102.1905,73.58, -,9.354337
48.75,1694.621,943.80,-93.90476,73.58, -,9.354337
48.80,1694.621,943.80,-74.57143,73.58, -,9.354337
48.85,1688.838,944.00,-63.52381,73.58, -,9.354337
48.90,1677.276,944.40,-69,73.58, -,9.354337
48.95,1671.498,944.60,-66.2381,73.58, -,9.354337
49.00,1662.829,944.90,-60.71429,73.58, -,9.354337
49.05,1657.053,945.10,-63.47619,73.58, -,9.354337
49.10,1645.501,945.50,-71.71429,73.58, -,9.354337
49.15,1633.954,945.90,-79.95238,73.58, -,9.354337
49.20,1631.068,946.00,-79.95238,73.58, -,9.354337
49.25,1628.183,946.10,-74.42857,73.58, -,9.354337
49.30,1625.296,946.20,-74.42857,73.58, -,9.354337
49.35,1622.412,946.30,-71.66666,73.58, -,9.354337
49.40,1622.412,946.30,-68.90476,73.58, -,9.354337
49.45,1622.412,946.30,-66.14286,73.58, -,9.354337
49.50,1613.757,946.60,-74.38095,73.58, -,9.334889
49.55,1599.338,947.10,-90.85714,73.58, -,9.334889
49.60,1593.571,947.30,-93.57143,73.58, -,9.334889
49.65,1587.806,947.50,-96.28571,73.58, -,9.334889
49.70,1584.924,947.60,-96.28571,73.58, -,9.334889
49.75,1582.041,947.70,-107.2857,73.58, -,9.334889
49.80,1579.16,947.80,-110.0476,73.58, -,9.334889
49.85,1576.278,947.90,-112.8095,73.58, -,9.334889
49.90,1576.278,947.90,-107.2857,73.58, -,9.334889
49.95,1576.278,947.90,-96.28571,73.58, -,9.334889
50.00,1573.397,948.00,-93.52381,73.58, -,9.334889
50.05,1573.397,948.00,-85.28571,73.58, -,9.334889
50.10,1561.874,948.40,-90.71429,73.58, -,9.334889
50.15,1553.235,948.70,-87.95238,73.58, -,9.334889
50.20,1544.599,949.00,-85.19048,73.58, -,9.334889
50.25,1524.454,949.70,-101.619,73.58, -,9.334889
50.30,1518.7,949.90,-104.3333,73.58, -,9.334889
50.35,1515.824,950.00,-104.3333,73.58, -,9.334889
50.40,1515.824,950.00,-101.5714,73.58, -,9.334889
50.45,1507.197,950.30,-109.8095,73.58, -,9.334889
50.50,1498.573,950.60,-118,73.58, -,9.334889
50.55,1492.823,950.80,-115.2381,73.58, -,9.334889
50.60,1484.202,951.10,-109.7143,73.58, -,9.334889
50.65,1481.328,951.20,-106.9524,73.58, -,9.334889
50.70,1478.455,951.30,-104.1905,73.58, -,9.334889
50.75,1478.455,951.30,-101.4286,73.58, -,9.334889
50.80,1478.455,951.30,-98.66666,73.58, -,9.334889
50.85,1469.838,951.60,-104.0952,73.58, -,9.334889
50.90,1469.838,951.60,-101.3333,73.58, -,9.334889
50.95,1469.838,951.60,-101.3333,73.58, -,9.334889
51.00,1464.093,951.80,-106.8095,73.58, -,9.334889
51.05,1461.22,951.90,-106.7619,73.58, -,9.334889
51.10,1452.607,952.20,-114.9524,73.58, -,9.334889
51.15,1446.866,952.40,-109.4762,73.58, -,9.334889
51.20,1441.127,952.60,-106.7143,73.58, -,9.334889
51.25,1435.388,952.80,-103.9524,73.58, -,9.334889
51.30,1418.175,953.40,-101.1429,73.58, -,9.334889
51.35,1403.839,953.90,-109.3333,73.58, -,9.334889
51.40,1398.107,954.10,-112.0476,73.58, -,9.334889
51.45,1400.973,954.00,-109.3333,73.58, -,9.334889
51.50,1406.707,953.80,-95.61905,73.58, -,9.354337
51.55,1412.441,953.60,-81.95238,73.58, -,9.354337
51.60,1412.441,953.60,-76.47619,73.58, -,9.354337
51.65,1412.441,953.60,-68.28571,73.58, -,9.354337
51.70,1409.573,953.70,-68.28571,73.58, -,9.354337
51.75,1400.973,954.00,-73.7619,73.58, -,9.354337
51.80,1383.779,954.60,-90.14286,73.58, -,9.354337
51.85,1375.184,954.90,-98.33334,73.58, -,9.354337
51.90,1366.593,955.20,-98.33334,73.58, -,9.354337
51.95,1363.73,955.30,-101.0476,73.58, -,9.354337
52.00,1358.004,955.50,-106.5238,73.58, -,9.354337
52.05,1355.142,955.60,-103.7619,73.58, -,9.354337
52.10,1346.554,955.90,-109.2381,73.58, -,9.354337
52.15,1343.693,956.00,-103.7619,73.58, -,9.354337
52.20,1337.97,956.20,-103.7143,73.58, -,9.354337
52.25,1332.248,956.40,-103.6667,73.58, -,9.354337
52.30,1329.388,956.50,-100.9048,73.58, -,9.354337
52.35,1323.668,956.70,-89.95238,73.58, -,9.354337
52.40,1320.809,956.80,-79,73.58, -,9.354337
52.45,1315.09,957.00,-78.95238,73.58, -,9.354337
52.50,1306.514,957.30,-89.85714,73.58, -,9.354337
52.55,1300.797,957.50,-100.7619,73.58, -,9.334889
52.60,1297.94,957.60,-108.9524,73.58, -,9.334889
52.65,1289.367,957.90,-117.0952,73.58, -,9.334889
52.70,1280.797,958.20,-125.2381,73.58, -,9.334889
52.75,1277.942,958.30,-125.2381,73.58, -,9.334889
52.80,1272.23,958.50,-122.4762,73.58, -,9.334889
52.85,1266.519,958.70,-111.5238,73.58, -,9.334889
52.90,1269.375,958.60,-100.619,73.58, -,9.334889
52.95,1280.797,958.20,-81.57143,73.58, -,9.334889
53.00,1283.655,958.10,-76.14286,73.58, -,9.334889
53.05,1283.655,958.10,-70.66666,73.58, -,9.334889
53.10,1283.655,958.10,-67.95238,73.58, -,9.334889
53.15,1280.797,958.20,-62.47619,73.58, -,9.334889
53.20,1269.375,958.60,-70.61905,73.58, -,9.334889
53.25,1260.809,958.90,-73.33334,73.58, -,9.334889
53.30,1255.102,959.10,-73.33334,73.58, -,9.334889
53.35,1249.394,959.30,-76.04762,73.58, -,9.334889
53.40,1246.539,959.40,-73.33334,73.58, -,9.334889
53.45,1246.539,959.40,-70.61905,73.58, -,9.334889
53.50,1237.981,959.70,-73.33334,73.58, -,9.334889
53.55,1229.424,960.00,-73.28571,73.58, -,9.334889
53.60,1223.721,960.20,-73.28571,73.58, -,9.334889
53.65,1215.168,960.50,-78.71429,73.58, -,9.334889
53.70,1203.766,960.90,-81.42857,73.58, -,9.334889
53.75,1195.219,961.20,-81.42857,73.58, -,9.334889
53.80,1186.673,961.50,-86.85714,73.58, -,9.334889
53.85,1180.976,961.70,-86.85714,73.58, -,9.334889
53.90,1172.434,962.00,-89.57143,73.58, -,9.334889
53.95,1175.281,961.90,-89.57143,73.58, -,9.334889
54.00,1175.281,961.90,-100.4286,73.58, -,9.334889
54.05,1178.13,961.80,-100.4286,73.58, -,9.334889
54.10,1172.434,962.00,-105.8571,73.58, -,9.334889
54.15,1163.895,962.30,-114,73.58, -,9.334889
54.20,1146.82,962.90,-127.5238,73.58, -,9.334889
54.25,1135.443,963.30,-127.5238,73.58, -,9.334889
54.30,1126.912,963.60,-127.5238,73.58, -,9.334889
54.35,1121.226,963.80,-127.5238,73.58, -,9.334889
54.40,1112.699,964.10,-130.2381,73.58, -,9.334889
54.45,1107.015,964.30,-132.9524,73.58, -,9.334889
54.50,1101.332,964.50,-138.381,73.58, -,9.334889
54.55,1098.491,964.60,-132.9524,73.4, -,9.334889
54.60,1098.491,964.60,-124.8095,73.4, -,9.334889
54.65,1098.491,964.60,-119.381,73.4, -,9.334889
54.70,1101.332,964.50,-108.5238,73.4, -,9.334889
54.75,1101.332,964.50,-97.66666,73.4, -,9.334889
54.80,1098.491,964.60,-92.2381,73.4, -,9.334889
54.85,1095.65,964.70,-86.80952,73.4, -,9.334889
54.90,1092.81,964.80,-84.09524,73.4, -,9.334889
54.95,1087.129,965.00,-81.38095,73.4, -,9.334889
55.00,1081.449,965.20,-89.52381,73.4, -,9.334889
55.05,1072.932,965.50,-97.61905,73.4, -,9.334889
55.10,1061.579,965.90,-111.1429,73.4, -,9.334889
55.15,1058.742,966.00,-108.4286,73.4, -,9.334889
55.20,1050.231,966.30,-108.381,73.4, -,9.334889
55.25,1038.885,966.70,-102.9524,73.4, -,9.334889
55.30,1033.213,966.90,-97.47619,73.4, -,9.334889
55.35,1024.708,967.20,-97.42857,73.4, -,9.334889
55.40,1016.205,967.50,-100.0952,73.4, -,9.334889
55.45,1010.538,967.70,-97.33334,73.4, -,9.334889
55.50,1004.871,967.90,-97.28571,73.4, -,9.295994
55.55,996.373,968.20,-99.95238,73.4, -,9.295994
55.60,990.7084,968.40,-102.619,73.4, -,9.295994
55.65,987.8774,968.50,-105.3333,73.4, -,9.295994
55.70,982.2143,968.70,-110.7143,73.4, -,9.295994
55.75,982.2143,968.70,-113.4286,73.4, -,9.295994
55.80,976.5521,968.90,-118.8095,73.4, -,9.295994
55.85,970.8926,969.10,-121.4762,73.4, -,9.295994
55.90,965.2324,969.30,-124.1429,73.4, -,9.295994
55.95,962.4017,969.40,-124.1429,73.4, -,9.295994
56.00,956.7446,969.60,-124.0952,73.4, -,9.295994
56.05,953.9147,969.70,-121.381,73.4, -,9.295994
56.10,948.2573,969.90,-118.6667,73.4, -,9.295994
56.15,939.7738,970.20,-115.9524,73.4, -,9.295994
56.20,928.4663,970.60,-124,73.4, -,9.295994
56.25,917.1609,971.00,-126.6667,73.4, -,9.295994
56.30,914.336,971.10,-118.5238,73.4, -,9.295994
56.35,911.5096,971.20,-115.8571,73.4, -,9.295994
56.40,914.336,971.10,-105.0476,73.4, -,9.295994
56.45,922.8132,970.80,-88.85714,73.4, -,9.295994
56.50,934.1187,970.40,-72.71429,73.4, -,9.295994
56.55,936.947,970.30,-64.61905,73.4, -,9.334889
56.60,936.947,970.30,-56.52381,73.4, -,9.334889
56.65,922.8132,970.80,-64.61905,73.4, -,9.334889
56.70,908.6852,971.30,-75.38095,73.4, -,9.334889
56.75,903.0353,971.50,-75.38095,73.4, -,9.334889
56.80,897.3864,971.70,-80.7619,73.4, -,9.334889
56.85,888.9156,972.00,-83.42857,73.4, -,9.334889
56.90,880.447,972.30,-86.09524,73.4, -,9.334889
56.95,880.447,972.30,-80.71429,73.4, -,9.334889
57.00,888.9156,972.00,-69.95238,73.4, -,9.334889
57.05,883.269,972.20,-69.95238,73.4, -,9.334889
57.10,877.6234,972.40,-72.61905,73.4, -,9.334889
57.15,877.6234,972.40,-67.2381,73.4, -,9.334889
57.20,877.6234,972.40,-59.14286,73.4, -,9.334889
57.25,874.8018,972.50,-51.04762,73.4, -,9.334889
57.30,857.8736,973.10,-56.42857,73.4, -,9.334889
57.35,843.7727,973.60,-67.19048,73.4, -,9.334889
57.40,835.3135,973.90,-72.52381,73.4, -,9.334889
57.45,829.6776,974.10,-80.61905,73.4, -,9.334889
57.50,826.8583,974.20,-91.38095,73.58, -,9.354337
57.55,824.0409,974.30,-104.8095,73.58, -,9.354337
57.60,832.4955,974.00,-99.47619,73.58, -,9.354337
57.65,838.1336,973.80,-94.09524,73.58, -,9.354337
57.70,840.9521,973.70,-77.95238,73.58, -,9.354337
57.75,838.1336,973.80,-67.14286,73.58, -,9.354337
57.80,832.4955,974.00,-67.14286,73.58, -,9.354337
57.85,826.8583,974.20,-67.14286,73.58, -,9.354337
57.90,818.4051,974.50,-67.14286,73.58, -,9.354337
57.95,804.3206,975.00,-72.52381,73.58, -,9.354337
58.00,801.5051,975.10,-75.19048,73.58, -,9.354337
58.05,795.873,975.30,-88.61905,73.58, -,9.354337
58.10,790.2419,975.50,-88.61905,73.58, -,9.354337
58.15,781.7979,975.80,-91.28571,73.58, -,9.354337
58.20,764.9143,976.40,-107.381,73.58, -,9.354337
58.25,748.041,977.00,-123.4286,73.58, -,9.354337
58.30,736.7955,977.40,-131.4762,73.58, Main,9.354337
58.35,686.2406,979.20,-163.4762,73.58, -,9.354337
58.40,691.8545,979.00,-144.7143,73.58, -,9.354337
58.45,736.7955,977.40,-93.85714,73.58, -,9.354337
58.50,728.3647,977.70,-96.52381,73.58, -,9.354337
58.55,717.1276,978.10,-104.5714,73.4, -,9.373784
58.60,703.085,978.60,-115.2857,73.4, -,9.373784
58.65,700.2762,978.70,-126,73.4, -,9.373784
58.70,691.8545,979.00,-139.381,73.4, -,9.373784
58.75,691.8545,979.00,-142.0476,73.4, -,9.373784
58.80,686.2406,979.20,-144.7143,73.4, -,9.373784
58.85,680.6277,979.40,-144.6667,73.4, -,9.373784
58.90,675.0173,979.60,-144.619,73.4, -,9.373784
58.95,669.4063,979.80,-141.9048,73.4, -,9.373784
59.00,669.4063,979.80,-128.4762,73.4, -,9.373784
59.05,672.2108,979.70,-123.1429,73.4, -,9.373784
59.10,672.2108,979.70,-117.7619,73.4, -,9.373784
59.15,677.8224,979.50,-107.0476,73.4, -,9.373784
59.20,680.6277,979.40,-96.33334,73.4, -,9.373784
59.25,686.2406,979.20,-74.90476,73.4, -,9.373784
59.30,677.8224,979.50,-66.85714,73.4, -,9.373784
59.35,663.7961,980.00,-69.52381,73.4, -,9.373784
59.40,660.9922,980.10,-24.04762,73.4, -,9.373784
59.45,658.1869,980.20,-32.04762,73.4, -,9.373784
59.50,652.5786,980.40,-80.19048,73.4, -,9.354337
59.55,638.5627,980.90,-85.47619,73.4, -,9.354337
59.60,621.752,981.50,-90.7619,73.4, -,9.354337
59.65,604.9496,982.10,-93.38095,73.4, -,9.354337
59.70,596.5498,982.40,-98.71429,73.4, -,9.354337
59.75,590.9534,982.60,-96.04762,73.4, -,9.354337
59.80,588.1537,982.70,-98.71429,73.4, -,9.354337
59.85,582.557,982.90,-98.71429,73.4, -,9.354337
59.90,579.7598,983.00,-96.04762,73.4, -,9.354337
59.95,579.7598,983.00,-90.71429,73.4, -,9.354337
60.00,582.557,982.90,-82.71429,73.4, -,9.354337
60.05,599.35,982.30,-66.71429,73.4, -,9.354337
60.10,627.3552,981.30,-42.71429,73.4, -,9.354337
60.15,641.3665,980.80,-29.38095,73.4, -,9.354337
60.20,644.1687,980.70,-32.04762,73.4, -,9.354337
60.25,632.9594,981.10,-45.38095,73.4, -,9.354337
60.30,599.35,982.30,-82.71429,73.4, -,9.354337
60.35,568.57,983.40,-104.0476,73.4, -,9.354337
60.40,546.2031,984.20,-111.9524,73.4, -,9.354337
60.45,540.6133,984.40,-114.619,73.4, -,9.354337
60.50,548.9993,984.10,-103.9524,73.4, -,9.354337
60.55,560.1809,983.70,-87.95238,73.58, -,9.354337
60.60,565.774,983.50,-69.28571,73.58, -,9.354337
60.65,565.774,983.50,-53.28571,73.58, -,9.354337
60.70,568.57,983.40,-34.61905,73.58, -,9.354337
60.75,571.368,983.30,-23.95238,73.58, -,9.354337
60.80,582.557,982.90,-7.952381,73.58, -,9.354337
60.85,596.5498,982.40,8.047619,73.58, -,9.354337
60.90,593.7515,982.50,10.71429,73.58, -,9.354337
60.95,562.9782,983.60,-15.90476,73.58, -,9.354337
61.00,532.2311,984.70,-45.19048,73.58, -,9.354337
61.05,512.6796,985.40,-66.47619,73.58, -,9.354337
61.10,512.6796,985.40,-82.47619,73.58, -,9.354337
61.15,512.6796,985.40,-109.1429,73.58, -,9.354337
61.20,507.0969,985.60,-127.8095,73.58, -,9.354337
61.25,498.7213,985.90,-138.4762,73.58, -,9.354337
61.30,495.931,986.00,-130.4762,73.58, -,9.354337
61.35,504.3042,985.70,-90.52381,73.58, -,9.354337
61.40,515.4729,985.30,-50.57143,73.58, -,9.354337
61.45,521.0586,985.10,-23.95238,73.58, -,9.354337
61.50,526.6436,984.90,-13.28571,73.4, -,9.354337
61.55,529.438,984.80,-18.61905,73.4, -,9.354337
61.60,523.851,985.00,-34.61905,73.4, -,9.354337
61.65,521.0586,985.10,-42.61905,73.4, -,9.354337
61.70,518.2648,985.20,-45.28571,73.4, -,9.354337
61.75,518.2648,985.20,-47.95238,73.4, -,9.354337
61.80,521.0586,985.10,-47.95238,73.4, -,9.354337
61.85,521.0586,985.10,-58.61905,73.4, -,9.354337
61.90,521.0586,985.10,-71.95238,73.4, -,9.354337
61.95,518.2648,985.20,-71.95238,73.4, -,9.354337
62.00,515.4729,985.30,-45.33333,73.4, -,9.354337
62.05,509.8881,985.50,-21.38095,73.4, -,9.354337
62.10,504.3042,985.70,-8.095238,73.4, -,9.354337
62.15,501.5135,985.80,-10.7619,73.4, -,9.354337
62.20,498.7213,985.90,-13.42857,73.4, -,9.354337
62.25,495.931,986.00,-10.7619,73.4, -,9.354337
62.30,495.931,986.00,-2.761905,73.4, -,9.354337
62.35,495.931,986.00,-0.0952381,73.4, -,9.354337
62.40,501.5135,985.80,-2.714286,73.4, -,9.354337
62.45,507.0969,985.60,-8,73.4, -,9.354337
62.50,515.4729,985.30,-5.333333,73.4, -,9.354337
62.55,523.851,985.00,-2.666667,73.58, -,9.354337
62.60,540.6133,984.40,10.61905,73.58, -,9.354337
62.65,554.5888,983.90,29.28572,73.58, -,9.354337
62.70,562.9782,983.60,39.95238,73.58, -,9.354337
62.75,557.3856,983.80,37.28571,73.58, -,9.354337
62.80,537.8196,984.50,18.66667,73.58, -,9.354337
62.85,518.2648,985.20,-2.619048,73.58, -,9.354337
62.90,504.3042,985.70,-15.90476,73.58, -,9.354337
62.95,495.931,986.00,-23.85714,73.58, -,9.354337
63.00,487.5598,986.30,-29.14286,73.58, -,9.354337
63.05,479.1907,986.60,-34.42857,73.58, -,9.354337
63.10,473.6118,986.80,-34.42857,73.58, -,9.354337
63.15,468.0339,987.00,-34.42857,73.58, -,9.354337
63.20,468.0339,987.00,-31.76191,73.58, -,9.354337
63.25,465.2462,987.10,-31.76191,73.58, -,9.354337
63.30,462.4569,987.20,-31.76191,73.58, -,9.354337
63.35,462.4569,987.20,-31.76191,73.58, -,9.354337
63.40,459.6696,987.30,-34.42857,73.58, -,9.354337
63.45,459.6696,987.30,-39.76191,73.58, -,9.354337
63.50,456.8808,987.40,-47.76191,73.58, -,9.354337
63.55,456.8808,987.40,-55.76191,73.58, -,9.354337
63.60,456.8808,987.40,-63.76191,73.58, -,9.354337
63.65,456.8808,987.40,-79.71429,73.58, -,9.354337
63.70,459.6696,987.30,-90.38095,73.58, -,9.354337
63.75,459.6696,987.30,-98.38095,73.58, -,9.354337
63.80,468.0339,987.00,-85.09524,73.58, -,9.354337
63.85,476.4003,986.70,-58.52381,73.58, -,9.354337
63.90,484.7687,986.40,-31.95238,73.58, -,9.354337
63.95,495.931,986.00,-8.047619,73.58, -,9.354337
64.00,504.3042,985.70,7.857143,73.58, -,9.354337
64.05,512.6796,985.40,23.80952,73.58, -,9.354337
64.10,518.2648,985.20,37.09524,73.58, -,9.354337
64.15,521.0586,985.10,45.09524,73.58, -,9.354337
64.20,523.851,985.00,53.09524,73.58, -,9.354337
64.25,526.6436,984.90,55.76191,73.58, -,9.354337
64.30,529.438,984.80,61.09524,73.58, -,9.354337
64.35,535.0261,984.60,69.09524,73.58, -,9.354337
64.40,540.6133,984.40,74.42857,73.58, -,9.354337
64.45,546.2031,984.20,82.42857,73.58, -,9.354337
64.50,554.5888,983.90,90.42857,73.58, -,9.354337
64.55,557.3856,983.80,95.7619,73.58, -,9.354337
64.60,560.1809,983.70,98.42857,73.58, -,9.354337
64.65,557.3856,983.80,95.7619,73.58, -,9.354337
64.70,548.9993,984.10,87.7619,73.58, -,9.354337
64.75,535.0261,984.60,71.80952,73.58, -,9.354337
64.80,518.2648,985.20,55.85714,73.58, -,9.354337
64.85,504.3042,985.70,34.61905,73.58, -,9.354337
64.90,493.1409,986.10,16.04762,73.58, -,9.354337
64.95,484.7687,986.40,0.1428571,73.58, -,9.354337
65.00,479.1907,986.60,-15.80952,73.58, -,9.354337
65.05,473.6118,986.80,-29.09524,73.58, -,9.354337
65.10,465.2462,987.10,-45.04762,73.58, -,9.354337
65.15,459.6696,987.30,-55.71429,73.58, -,9.354337
65.20,454.094,987.50,-63.71429,73.58, -,9.354337
65.25,451.3074,987.60,-69.04762,73.58, -,9.354337
65.30,448.5193,987.70,-74.38095,73.58, -,9.354337
65.35,445.7331,987.80,-79.71429,73.58, -,9.354337
65.40,442.9455,987.90,-87.71429,73.58, -,9.354337
65.45,442.9455,987.90,-93.04762,73.58, -,9.354337
65.50,442.9455,987.90,-98.38095, -
65.55,442.9455,987.90,-106.381, -
65.60,442.9455,987.90,-109.0476, -
65.65,442.9455,987.90,-111.7143, -
65.70,445.7331,987.80,-106.381, -
65.75,442.9455,987.90,-101.0476, -
65.80,445.7331,987.80,-85.09524, -
65.85,445.7331,987.80,-69.14286, -
65.90,448.5193,987.70,-53.19048, -
65.95,451.3074,987.60,-39.90476, -
66.00,451.3074,987.60,-31.95238, -
66.05,454.094,987.50,-23.95238, -
66.10,456.8808,987.40,-15.95238, -
66.15,459.6696,987.30,-5.333333, -
66.20,462.4569,987.20,2.666667, -
66.25,465.2462,987.10,10.66667, -
66.30,465.2462,987.10,13.33333, -
66.35,468.0339,987.00,18.66667, -
66.40,470.8219,986.90,24, -
66.45,473.6118,986.80,29.33333, -
66.50,476.4003,986.70,32, -
66.55,481.9796,986.50,37.33333, -
